{
  "checkpoint_source": "/home/caq/333_cvpr/da_ours/checkpoints/depth_anything_v2_vits.pth",
  "metrics": {
    "abs_rel": 0.2897781595499165,
    "d1": 0.5217796181598243,
    "d2": 0.7651256300728827,
    "d3": 0.8799897772870076,
    "edge_overlap_iou": NaN,
    "edge_sobel_l1": NaN,
    "log10": 0.13687584336787284,
    "rmse": 12.320177846898392,
    "rmse_log": 0.43352686635321486,
    "silog": 0.43033217740148705,
    "silog_x100": 43.0332177401488,
    "sq_rel": 3.8676293455081963
  },
  "split": "stf_val",
  "stage": "stf_only"
}