{
  "checkpoint_source": "/home/caq/333_cvpr/da_ours/checkpoints/depth_anything_v2_vits.pth",
  "metrics": {
    "abs_rel": 0.289778464943724,
    "d1": 0.5217782133303316,
    "d2": 0.7651185388748492,
    "d3": 0.8799960378553308,
    "edge_overlap_iou": NaN,
    "edge_sobel_l1": NaN,
    "log10": 0.13687595435247296,
    "rmse": 12.320180853947345,
    "rmse_log": 0.43352749423234,
    "silog": 0.43033281913607974,
    "silog_x100": 43.033281913608036,
    "sq_rel": 3.867649789897653
  },
  "split": "stf_val",
  "stage": "stf_only"
}