{
  "alignment_protocol": "per_image_affine_disp_depth_anything_v2",
  "diagnostics": {
    "high_ratio": 1.121446157515049,
    "low_ratio": 0.7306240066587925,
    "max_gate": 0.99768359375,
    "mean_abs_delta": 0.46542229676246644,
    "mean_abs_delta_effective": 0.29864410573244093,
    "mean_abs_gate_delta": 0.008983896317193285,
    "mean_gate": 0.028500444780569522
  },
  "elapsed_seconds": 56.38166689872742,
  "epoch": 3,
  "feature_ablation_applied": true,
  "feature_ablation_key": "x3",
  "feature_ablation_mode": "shuffle",
  "feature_ablation_seed": 42,
  "max_val_samples": null,
  "overall": {
    "D0": {
      "abs_rel": 0.15309450501543295,
      "d1": 0.8185131573882625,
      "d2": 0.9450798722993958,
      "d3": 0.9742868175741489,
      "log10": 0.06352314197632208,
      "rmse": 7.734352710188951,
      "rmse_log": 0.22276202213554766,
      "silog": 0.22218287769553077,
      "silog_x100": 22.21828776955308,
      "sq_rel": 1.969614264629795
    },
    "D1": {
      "abs_rel": 0.12096944073420056,
      "d1": 0.8558344970651088,
      "d2": 0.9563855422156012,
      "d3": 0.9845777865113223,
      "log10": 0.05192476392767688,
      "rmse": 6.6262592701104115,
      "rmse_log": 0.18626697910377316,
      "silog": 0.18564776236529099,
      "silog_x100": 18.564776236529095,
      "sq_rel": 1.2260427130353895
    },
    "delta_D1_minus_D0": {
      "abs_rel": -0.03212506428123239,
      "d1": 0.037321339676846366,
      "d2": 0.011305669916205408,
      "d3": 0.010290968937173406,
      "log10": -0.011598378048645205,
      "rmse": -1.1080934400785392,
      "rmse_log": -0.036495043031774504,
      "silog": -0.03653511533023979,
      "silog_x100": -3.653511533023984,
      "sq_rel": -0.7435715515944055
    },
    "delta_final_minus_D1": {
      "abs_rel": -0.00047284426346332065,
      "d1": -0.0006375794194245499,
      "d2": 0.0012969147680342852,
      "d3": 0.0009544913290913115,
      "log10": -0.0002140269073027251,
      "rmse": -0.06769501214710161,
      "rmse_log": -0.0024477026504146626,
      "silog": -0.002426432725008393,
      "silog_x100": -0.24264327250083895,
      "sq_rel": -0.02752618685707553
    },
    "final": {
      "abs_rel": 0.12049659647073724,
      "d1": 0.8551969176456843,
      "d2": 0.9576824569836355,
      "d3": 0.9855322778404136,
      "log10": 0.05171073702037415,
      "rmse": 6.55856425796331,
      "rmse_log": 0.1838192764533585,
      "silog": 0.1832213296402826,
      "silog_x100": 18.322132964028256,
      "sq_rel": 1.198516526178314
    }
  },
  "region": {
    "D0": {
      "boundary_abs_rel": 0.34972531337230595,
      "dark_abs_rel": 0.13172173992356892,
      "dav2_high_error_abs_rel": 0.304679767932658,
      "far50_abs_rel": 0.24808635116967526,
      "saturated_abs_rel": 0.23281794756032684
    },
    "D1": {
      "boundary_abs_rel": 0.2691437398262842,
      "dark_abs_rel": 0.10254602064028644,
      "dav2_high_error_abs_rel": 0.2718658995887074,
      "far50_abs_rel": 0.2733014181927535,
      "saturated_abs_rel": 0.13539202929931196
    },
    "delta_D1_minus_D0": {
      "boundary_abs_rel": -0.08058157354602175,
      "dark_abs_rel": -0.029175719283282484,
      "dav2_high_error_abs_rel": -0.032813868343950614,
      "far50_abs_rel": 0.02521506702307824,
      "saturated_abs_rel": -0.09742591826101488
    },
    "delta_final_minus_D1": {
      "boundary_abs_rel": -0.007431190918632757,
      "dark_abs_rel": 0.0007907154342638306,
      "dav2_high_error_abs_rel": -0.005870704932467219,
      "far50_abs_rel": -0.0005452796243731739,
      "saturated_abs_rel": -0.0015829671056888095
    },
    "final": {
      "boundary_abs_rel": 0.26171254890765144,
      "dark_abs_rel": 0.10333673607455027,
      "dav2_high_error_abs_rel": 0.26599519465624016,
      "far50_abs_rel": 0.2727561385683803,
      "saturated_abs_rel": 0.13380906219362315
    }
  },
  "samples": 1000,
  "target_region_score": -0.0021921805536077275
}
