{
  "alignment_protocol": "per_image_affine_disp_depth_anything_v2",
  "diagnostics": {
    "high_ratio": 1.0039352102577686,
    "low_ratio": 0.6469549541771412,
    "max_gate": 0.99992578125,
    "mean_abs_delta": 0.41650219333171845,
    "mean_abs_delta_effective": 0.25885051260888575,
    "mean_abs_gate_delta": 0.016516755028627813,
    "mean_gate": 0.06019652613066137
  },
  "elapsed_seconds": 64.5708167552948,
  "epoch": 9,
  "feature_ablation_applied": false,
  "feature_ablation_donor_offset": 1,
  "feature_ablation_key": "x3",
  "feature_ablation_mean_kind": null,
  "feature_ablation_mode": "true",
  "feature_ablation_scope": "both",
  "feature_ablation_seed": 42,
  "max_val_samples": null,
  "overall": {
    "D0": {
      "abs_rel": 0.15309758370696205,
      "d1": 0.8185215383322386,
      "d2": 0.9450730189946064,
      "d3": 0.9742901235289007,
      "log10": 0.06352323539552604,
      "rmse": 7.734394489169579,
      "rmse_log": 0.22276541426973925,
      "silog": 0.2221862616766919,
      "silog_x100": 22.218626167669186,
      "sq_rel": 1.9698870422995622
    },
    "D1": {
      "abs_rel": 0.12097560103065506,
      "d1": 0.8558252578152963,
      "d2": 0.9563824847407696,
      "d3": 0.9845789876002944,
      "log10": 0.05192777147705303,
      "rmse": 6.626590125759038,
      "rmse_log": 0.18627340850239238,
      "silog": 0.1856540173600441,
      "silog_x100": 18.565401736004418,
      "sq_rel": 1.2261396328979204
    },
    "delta_D1_minus_D0": {
      "abs_rel": -0.03212198267630699,
      "d1": 0.03730371948305766,
      "d2": 0.011309465746163205,
      "d3": 0.010288864071393733,
      "log10": -0.011595463918473013,
      "rmse": -1.1078043634105406,
      "rmse_log": -0.036492005767346875,
      "silog": -0.03653224431664778,
      "silog_x100": -3.6532244316647677,
      "sq_rel": -0.7437474094016419
    },
    "delta_final_minus_D1": {
      "abs_rel": -0.00369844657417695,
      "d1": 0.004601689894736083,
      "d2": 0.004654802356859333,
      "d3": 0.002604872605691866,
      "log10": -0.0014537301316009874,
      "rmse": -0.33036701772484633,
      "rmse_log": -0.009214252568837289,
      "silog": -0.009172831037407597,
      "silog_x100": -0.9172831037407647,
      "sq_rel": -0.12342381190930829
    },
    "final": {
      "abs_rel": 0.11727715445647811,
      "d1": 0.8604269477100324,
      "d2": 0.9610372870976289,
      "d3": 0.9871838602059863,
      "log10": 0.05047404134545204,
      "rmse": 6.296223108034192,
      "rmse_log": 0.1770591559335551,
      "silog": 0.1764811863226365,
      "silog_x100": 17.648118632263653,
      "sq_rel": 1.102715820988612
    }
  },
  "region": {
    "D0": {
      "boundary_abs_rel": 0.3497510201456718,
      "dark_abs_rel": 0.13172102187577467,
      "dav2_high_error_abs_rel": 0.3046741019632282,
      "far50_abs_rel": 0.2480820440029512,
      "saturated_abs_rel": 0.23281949163094845
    },
    "D1": {
      "boundary_abs_rel": 0.2691568268996159,
      "dark_abs_rel": 0.10256333670461613,
      "dav2_high_error_abs_rel": 0.2718696256152636,
      "far50_abs_rel": 0.27332768549697517,
      "saturated_abs_rel": 0.13535080461086443
    },
    "delta_D1_minus_D0": {
      "boundary_abs_rel": -0.08059419324605588,
      "dark_abs_rel": -0.029157685171158534,
      "dav2_high_error_abs_rel": -0.03280447634796457,
      "far50_abs_rel": 0.025245641494023974,
      "saturated_abs_rel": -0.09746868702008402
    },
    "delta_final_minus_D1": {
      "boundary_abs_rel": -0.02605898238300533,
      "dark_abs_rel": 0.0004334761868179937,
      "dav2_high_error_abs_rel": -0.018528805697926698,
      "far50_abs_rel": -0.012896160837969295,
      "saturated_abs_rel": -0.017036345057509686
    },
    "final": {
      "boundary_abs_rel": 0.24309784451661057,
      "dark_abs_rel": 0.10299681289143413,
      "dav2_high_error_abs_rel": 0.2533408199173369,
      "far50_abs_rel": 0.2604315246590059,
      "saturated_abs_rel": 0.11831445955335475
    }
  },
  "samples": 1000,
  "target_region_score": -0.01388950302291658
}
