{
  "epochs": [
    {
      "dataset": "kitti_val_nseries",
      "dataset_samples": 652,
      "elapsed_seconds": 24.481798887252808,
      "epoch": 3,
      "eval_protocol": "halfres_raw_canonical_even_pad_crop_affine_disp",
      "feature_ablation_applied": false,
      "feature_ablation_key": "x3",
      "feature_ablation_mode": "true",
      "feature_ablation_seed": 42,
      "kitti_base": "/mnt/drive/kitti",
      "kitti_val_split": "/home/caq/6666_raw/dav2_raw/metric_depth/dataset/splits/kitti/val.txt",
      "max_val_samples": null,
      "overall": {
        "D0": {
          "abs_rel": 0.11837516457299688,
          "d1": 0.8665201637706911,
          "d2": 0.966191139460387,
          "d3": 0.9907187815746663,
          "log10": 0.0512212456350496,
          "rmse": 5.14004152932955,
          "rmse_log": 0.17229476829011914,
          "silog": 0.17187787279777939,
          "silog_x100": 17.18778727977794,
          "sq_rel": 0.8899652256635422
        },
        "D1": {
          "abs_rel": 0.09644603888416722,
          "d1": 0.8960787165061455,
          "d2": 0.9725292553692467,
          "d3": 0.9926118962288556,
          "log10": 0.04242542521828977,
          "rmse": 4.656952456806407,
          "rmse_log": 0.1514063031146406,
          "silog": 0.1509146593309076,
          "silog_x100": 15.09146593309076,
          "sq_rel": 0.6357638419937182
        },
        "delta_D1_minus_D0": {
          "abs_rel": -0.021929125688829654,
          "d1": 0.02955855273545438,
          "d2": 0.006338115908859687,
          "d3": 0.0018931146541892874,
          "log10": -0.00879582041675983,
          "rmse": -0.4830890725231427,
          "rmse_log": -0.020888465175478543,
          "silog": -0.020963213466871772,
          "silog_x100": -2.09632134668718,
          "sq_rel": -0.25420138366982403
        },
        "delta_final_minus_D1": {
          "abs_rel": 0.00026116401356972296,
          "d1": -0.0010092242445208788,
          "d2": -0.0006263549371028354,
          "d3": -0.0002747755677949826,
          "log10": 0.0002548191351946366,
          "rmse": 0.06799032772561109,
          "rmse_log": 0.0014847006619030656,
          "silog": 0.0014720189877827083,
          "silog_x100": 0.14720189877827572,
          "sq_rel": 0.004043525072879195
        },
        "final": {
          "abs_rel": 0.09670720289773695,
          "d1": 0.8950694922616246,
          "d2": 0.9719029004321439,
          "d3": 0.9923371206610606,
          "log10": 0.04268024435348441,
          "rmse": 4.724942784532018,
          "rmse_log": 0.15289100377654366,
          "silog": 0.15238667831869032,
          "silog_x100": 15.238667831869035,
          "sq_rel": 0.6398073670665974
        }
      },
      "per_sample_path": "/home/caq/6666_raw/dav2_raw_0522/plans/0527/diagnostics/0530_1458_n6_x3_ablation/true/kitti_val_true/per_sample.jsonl",
      "samples": 652,
      "seconds_per_visited_sample": 0.037548771299467494,
      "status_counts": {
        "ok": 652
      },
      "visited_samples": 652
    }
  ],
  "latest": {
    "dataset": "kitti_val_nseries",
    "dataset_samples": 652,
    "elapsed_seconds": 24.481798887252808,
    "epoch": 3,
    "eval_protocol": "halfres_raw_canonical_even_pad_crop_affine_disp",
    "feature_ablation_applied": false,
    "feature_ablation_key": "x3",
    "feature_ablation_mode": "true",
    "feature_ablation_seed": 42,
    "kitti_base": "/mnt/drive/kitti",
    "kitti_val_split": "/home/caq/6666_raw/dav2_raw/metric_depth/dataset/splits/kitti/val.txt",
    "max_val_samples": null,
    "overall": {
      "D0": {
        "abs_rel": 0.11837516457299688,
        "d1": 0.8665201637706911,
        "d2": 0.966191139460387,
        "d3": 0.9907187815746663,
        "log10": 0.0512212456350496,
        "rmse": 5.14004152932955,
        "rmse_log": 0.17229476829011914,
        "silog": 0.17187787279777939,
        "silog_x100": 17.18778727977794,
        "sq_rel": 0.8899652256635422
      },
      "D1": {
        "abs_rel": 0.09644603888416722,
        "d1": 0.8960787165061455,
        "d2": 0.9725292553692467,
        "d3": 0.9926118962288556,
        "log10": 0.04242542521828977,
        "rmse": 4.656952456806407,
        "rmse_log": 0.1514063031146406,
        "silog": 0.1509146593309076,
        "silog_x100": 15.09146593309076,
        "sq_rel": 0.6357638419937182
      },
      "delta_D1_minus_D0": {
        "abs_rel": -0.021929125688829654,
        "d1": 0.02955855273545438,
        "d2": 0.006338115908859687,
        "d3": 0.0018931146541892874,
        "log10": -0.00879582041675983,
        "rmse": -0.4830890725231427,
        "rmse_log": -0.020888465175478543,
        "silog": -0.020963213466871772,
        "silog_x100": -2.09632134668718,
        "sq_rel": -0.25420138366982403
      },
      "delta_final_minus_D1": {
        "abs_rel": 0.00026116401356972296,
        "d1": -0.0010092242445208788,
        "d2": -0.0006263549371028354,
        "d3": -0.0002747755677949826,
        "log10": 0.0002548191351946366,
        "rmse": 0.06799032772561109,
        "rmse_log": 0.0014847006619030656,
        "silog": 0.0014720189877827083,
        "silog_x100": 0.14720189877827572,
        "sq_rel": 0.004043525072879195
      },
      "final": {
        "abs_rel": 0.09670720289773695,
        "d1": 0.8950694922616246,
        "d2": 0.9719029004321439,
        "d3": 0.9923371206610606,
        "log10": 0.04268024435348441,
        "rmse": 4.724942784532018,
        "rmse_log": 0.15289100377654366,
        "silog": 0.15238667831869032,
        "silog_x100": 15.238667831869035,
        "sq_rel": 0.6398073670665974
      }
    },
    "per_sample_path": "/home/caq/6666_raw/dav2_raw_0522/plans/0527/diagnostics/0530_1458_n6_x3_ablation/true/kitti_val_true/per_sample.jsonl",
    "samples": 652,
    "seconds_per_visited_sample": 0.037548771299467494,
    "status_counts": {
      "ok": 652
    },
    "visited_samples": 652
  }
}
