{
  "checkpoint_source": "/home/caq/333_cvpr/da_ours/checkpoints/depth_anything_v2_vits.pth",
  "metrics": {
    "abs_rel": 0.1286496793896662,
    "d1": 0.8576728842452038,
    "d2": 0.932673264097701,
    "d3": 0.9606389574099715,
    "edge_overlap_iou": NaN,
    "edge_sobel_l1": NaN,
    "log10": 0.056588026626304716,
    "rmse": 7.918005142327948,
    "rmse_log": 0.25843922224802596,
    "silog": 0.2575638290755323,
    "silog_x100": 25.756382907553263,
    "sq_rel": 2.0661401098247896
  },
  "split": "stf_val",
  "stage": "stf_only"
}