{
  "checkpoint_source": "/home/caq/333_cvpr/da_ours/checkpoints/depth_anything_v2_vits.pth",
  "metrics": {
    "abs_rel": 0.2898416381797148,
    "d1": 0.5216292180805773,
    "d2": 0.764966055763444,
    "d3": 0.8798870232896278,
    "edge_overlap_iou": NaN,
    "edge_sobel_l1": NaN,
    "log10": 0.13692969746443825,
    "rmse": 12.324323456816451,
    "rmse_log": 0.4336992211209945,
    "silog": 0.4304986501064514,
    "silog_x100": 43.04986501064514,
    "sq_rel": 3.8688091894327483
  },
  "split": "stf_val",
  "stage": "stf_only"
}