{
  "alignment_protocol": "per_image_affine_disp_depth_anything_v2",
  "diagnostics": {
    "high_ratio": 0.9922378859817982,
    "low_ratio": 0.6810292302668095,
    "max_gate": 0.99994140625,
    "mean_abs_delta": 0.4181794908344746,
    "mean_abs_delta_effective": 0.26428180474042895,
    "mean_abs_gate_delta": 0.01804094842588529,
    "mean_gate": 0.06390454685967416
  },
  "elapsed_seconds": 91.57723641395569,
  "epoch": 9,
  "feature_ablation_applied": true,
  "feature_ablation_donor_offset": 1,
  "feature_ablation_key": "x3",
  "feature_ablation_mean_kind": null,
  "feature_ablation_mode": "shuffle",
  "feature_ablation_scope": "both",
  "feature_ablation_seed": 42,
  "max_val_samples": null,
  "overall": {
    "D0": {
      "abs_rel": 0.15309758370696205,
      "d1": 0.8185215383322386,
      "d2": 0.9450730189946064,
      "d3": 0.9742901235289007,
      "log10": 0.06352323539552604,
      "rmse": 7.734394489169579,
      "rmse_log": 0.22276541426973925,
      "silog": 0.2221862616766919,
      "silog_x100": 22.218626167669186,
      "sq_rel": 1.9698870422995622
    },
    "D1": {
      "abs_rel": 0.12097560103065506,
      "d1": 0.8558252578152963,
      "d2": 0.9563824847407696,
      "d3": 0.9845789876002944,
      "log10": 0.05192777147705303,
      "rmse": 6.626590125759038,
      "rmse_log": 0.18627340850239238,
      "silog": 0.1856540173600441,
      "silog_x100": 18.565401736004418,
      "sq_rel": 1.2261396328979204
    },
    "delta_D1_minus_D0": {
      "abs_rel": -0.03212198267630699,
      "d1": 0.03730371948305766,
      "d2": 0.011309465746163205,
      "d3": 0.010288864071393733,
      "log10": -0.011595463918473013,
      "rmse": -1.1078043634105406,
      "rmse_log": -0.036492005767346875,
      "silog": -0.03653224431664778,
      "silog_x100": -3.6532244316647677,
      "sq_rel": -0.7437474094016419
    },
    "delta_final_minus_D1": {
      "abs_rel": 0.0003007067063415386,
      "d1": -0.0034678183286760422,
      "d2": 0.0008249315720327832,
      "d3": 0.0009238839460300463,
      "log10": 0.00014514533949010894,
      "rmse": -0.024312604751431266,
      "rmse_log": -0.0016954862558414274,
      "silog": -0.0016351611397101284,
      "silog_x100": -0.16351611397102062,
      "sq_rel": -0.015219731423617766
    },
    "final": {
      "abs_rel": 0.1212763077369966,
      "d1": 0.8523574394866202,
      "d2": 0.9572074163128024,
      "d3": 0.9855028715463244,
      "log10": 0.052072916816543136,
      "rmse": 6.602277521007607,
      "rmse_log": 0.18457792224655095,
      "silog": 0.18401885622033398,
      "silog_x100": 18.401885622033397,
      "sq_rel": 1.2109199014743026
    }
  },
  "region": {
    "D0": {
      "boundary_abs_rel": 0.3497510201456718,
      "dark_abs_rel": 0.13172102187577467,
      "dav2_high_error_abs_rel": 0.3046741019632282,
      "far50_abs_rel": 0.2480820440029512,
      "saturated_abs_rel": 0.23281949163094845
    },
    "D1": {
      "boundary_abs_rel": 0.2691568268996159,
      "dark_abs_rel": 0.10256333670461613,
      "dav2_high_error_abs_rel": 0.2718696256152636,
      "far50_abs_rel": 0.27332768549697517,
      "saturated_abs_rel": 0.13535080461086443
    },
    "delta_D1_minus_D0": {
      "boundary_abs_rel": -0.08059419324605588,
      "dark_abs_rel": -0.029157685171158534,
      "dav2_high_error_abs_rel": -0.03280447634796457,
      "far50_abs_rel": 0.025245641494023974,
      "saturated_abs_rel": -0.09746868702008402
    },
    "delta_final_minus_D1": {
      "boundary_abs_rel": -0.006791939147684223,
      "dark_abs_rel": 0.001955190572164381,
      "dav2_high_error_abs_rel": -0.009577264534187835,
      "far50_abs_rel": -0.0034530276729871634,
      "saturated_abs_rel": 0.003126159911557125
    },
    "final": {
      "boundary_abs_rel": 0.2623648877519317,
      "dark_abs_rel": 0.10451852727678052,
      "dav2_high_error_abs_rel": 0.2622923610810758,
      "far50_abs_rel": 0.269874657823988,
      "saturated_abs_rel": 0.13847696452242156
    }
  },
  "samples": 1000,
  "target_region_score": -0.0012909040842374701
}
