{
  "c2_checkpoint": "/mnt/drive/3333_raw/0000_exp_ckpt/0525_0203_vkitti_c2_d0only_residual_vits_halfd0_187x621_sceneholdout_Scene20_n1000_seed42_bs8_e20/best_abs_rel.pth",
  "c2_run_dir": "/home/caq/6666_raw/dav2_raw_0522/finetune_stf/exp/0525_0203_vkitti_c2_d0only_residual_vits_halfd0_187x621_sceneholdout_Scene20_n1000_seed42_bs8_e20",
  "experiment": "N7-eval-x3-ablation",
  "feature_ablation_donor_offset": 1,
  "feature_ablation_key": "x3",
  "feature_ablation_mean_kind": null,
  "feature_ablation_mode": "shuffle",
  "feature_ablation_scope": "both",
  "feature_ablation_seed": 42,
  "incremental_feature_source": "x3",
  "kitti": {
    "dataset": "kitti_val_nseries",
    "dataset_samples": 652,
    "elapsed_seconds": 50.221150159835815,
    "epoch": 9,
    "eval_protocol": "halfres_raw_canonical_even_pad_crop_affine_disp",
    "feature_ablation_applied": true,
    "feature_ablation_donor_offset": 1,
    "feature_ablation_key": "x3",
    "feature_ablation_mode": "shuffle",
    "feature_ablation_scope": "both",
    "feature_ablation_seed": 42,
    "kitti_base": "/mnt/drive/kitti",
    "kitti_val_split": "/home/caq/6666_raw/dav2_raw/metric_depth/dataset/splits/kitti/val.txt",
    "max_val_samples": null,
    "overall": {
      "D0": {
        "abs_rel": 0.11837322563408595,
        "d1": 0.8665242741998791,
        "d2": 0.9661919217398028,
        "d3": 0.9907183771888997,
        "log10": 0.051220935063794194,
        "rmse": 5.1398232476641095,
        "rmse_log": 0.17229176258779166,
        "silog": 0.17187490113398957,
        "silog_x100": 17.187490113398955,
        "sq_rel": 0.889805546790013
      },
      "D1": {
        "abs_rel": 0.09644374810658646,
        "d1": 0.8960897704139863,
        "d2": 0.9725229755964909,
        "d3": 0.9926099043237583,
        "log10": 0.04242460899397349,
        "rmse": 4.656947826664507,
        "rmse_log": 0.15140433540395623,
        "silog": 0.15091277266863845,
        "silog_x100": 15.091277266863845,
        "sq_rel": 0.6357046842877416
      },
      "delta_D1_minus_D0": {
        "abs_rel": -0.02192947752749949,
        "d1": 0.0295654962141072,
        "d2": 0.006331053856688085,
        "d3": 0.0018915271348586282,
        "log10": -0.008796326069820705,
        "rmse": -0.48287542099960223,
        "rmse_log": -0.020887427183835433,
        "silog": -0.020962128465351115,
        "silog_x100": -2.09621284653511,
        "sq_rel": -0.2541008625022714
      },
      "delta_final_minus_D1": {
        "abs_rel": -7.00258189099967e-05,
        "d1": -0.0012828346457913753,
        "d2": -0.00011700087217159094,
        "d3": 6.198749200847509e-05,
        "log10": 0.000138548273011109,
        "rmse": 0.023100394925076984,
        "rmse_log": 0.0002908638646806627,
        "silog": 0.0002750724555857509,
        "silog_x100": 0.027507245558576088,
        "sq_rel": -0.011014094882529357
      },
      "final": {
        "abs_rel": 0.09637372228767646,
        "d1": 0.8948069357681949,
        "d2": 0.9724059747243193,
        "d3": 0.9926718918157668,
        "log10": 0.0425631572669846,
        "rmse": 4.680048221589584,
        "rmse_log": 0.1516951992686369,
        "silog": 0.1511878451242242,
        "silog_x100": 15.11878451242242,
        "sq_rel": 0.6246905894052123
      }
    },
    "per_sample_path": "/home/caq/6666_raw/dav2_raw_0522/plans/0527/diagnostics/0530_n7_eval_x3_ablation_0530_1723/mode_shuffle_scope_both/kitti_val_shuffle_both/per_sample.jsonl",
    "samples": 652,
    "seconds_per_visited_sample": 0.07702630392612855,
    "status_counts": {
      "ok": 652
    },
    "visited_samples": 652
  },
  "method_id": "N7",
  "processed_samples": {
    "kitti": 652,
    "vkitti": 1000
  },
  "source_checkpoint": "/mnt/drive/3333_raw/0000_exp_ckpt/0530_0216_vkitti_n7_x3_lp0p5_q0p3_lfl0p0_rfttrue_vits_half187x621_sceneholdout_Scene20_n1000_seed42_bs8_e10/epoch_09.pth",
  "vkitti": {
    "alignment_protocol": "per_image_affine_disp_depth_anything_v2",
    "diagnostics": {
      "high_ratio": 0.9922378859817982,
      "low_ratio": 0.6810292302668095,
      "max_gate": 0.99994140625,
      "mean_abs_delta": 0.4181794908344746,
      "mean_abs_delta_effective": 0.26428180474042895,
      "mean_abs_gate_delta": 0.01804094842588529,
      "mean_gate": 0.06390454685967416
    },
    "elapsed_seconds": 91.57723641395569,
    "epoch": 9,
    "feature_ablation_applied": true,
    "feature_ablation_donor_offset": 1,
    "feature_ablation_key": "x3",
    "feature_ablation_mean_kind": null,
    "feature_ablation_mode": "shuffle",
    "feature_ablation_scope": "both",
    "feature_ablation_seed": 42,
    "max_val_samples": null,
    "overall": {
      "D0": {
        "abs_rel": 0.15309758370696205,
        "d1": 0.8185215383322386,
        "d2": 0.9450730189946064,
        "d3": 0.9742901235289007,
        "log10": 0.06352323539552604,
        "rmse": 7.734394489169579,
        "rmse_log": 0.22276541426973925,
        "silog": 0.2221862616766919,
        "silog_x100": 22.218626167669186,
        "sq_rel": 1.9698870422995622
      },
      "D1": {
        "abs_rel": 0.12097560103065506,
        "d1": 0.8558252578152963,
        "d2": 0.9563824847407696,
        "d3": 0.9845789876002944,
        "log10": 0.05192777147705303,
        "rmse": 6.626590125759038,
        "rmse_log": 0.18627340850239238,
        "silog": 0.1856540173600441,
        "silog_x100": 18.565401736004418,
        "sq_rel": 1.2261396328979204
      },
      "delta_D1_minus_D0": {
        "abs_rel": -0.03212198267630699,
        "d1": 0.03730371948305766,
        "d2": 0.011309465746163205,
        "d3": 0.010288864071393733,
        "log10": -0.011595463918473013,
        "rmse": -1.1078043634105406,
        "rmse_log": -0.036492005767346875,
        "silog": -0.03653224431664778,
        "silog_x100": -3.6532244316647677,
        "sq_rel": -0.7437474094016419
      },
      "delta_final_minus_D1": {
        "abs_rel": 0.0003007067063415386,
        "d1": -0.0034678183286760422,
        "d2": 0.0008249315720327832,
        "d3": 0.0009238839460300463,
        "log10": 0.00014514533949010894,
        "rmse": -0.024312604751431266,
        "rmse_log": -0.0016954862558414274,
        "silog": -0.0016351611397101284,
        "silog_x100": -0.16351611397102062,
        "sq_rel": -0.015219731423617766
      },
      "final": {
        "abs_rel": 0.1212763077369966,
        "d1": 0.8523574394866202,
        "d2": 0.9572074163128024,
        "d3": 0.9855028715463244,
        "log10": 0.052072916816543136,
        "rmse": 6.602277521007607,
        "rmse_log": 0.18457792224655095,
        "silog": 0.18401885622033398,
        "silog_x100": 18.401885622033397,
        "sq_rel": 1.2109199014743026
      }
    },
    "region": {
      "D0": {
        "boundary_abs_rel": 0.3497510201456718,
        "dark_abs_rel": 0.13172102187577467,
        "dav2_high_error_abs_rel": 0.3046741019632282,
        "far50_abs_rel": 0.2480820440029512,
        "saturated_abs_rel": 0.23281949163094845
      },
      "D1": {
        "boundary_abs_rel": 0.2691568268996159,
        "dark_abs_rel": 0.10256333670461613,
        "dav2_high_error_abs_rel": 0.2718696256152636,
        "far50_abs_rel": 0.27332768549697517,
        "saturated_abs_rel": 0.13535080461086443
      },
      "delta_D1_minus_D0": {
        "boundary_abs_rel": -0.08059419324605588,
        "dark_abs_rel": -0.029157685171158534,
        "dav2_high_error_abs_rel": -0.03280447634796457,
        "far50_abs_rel": 0.025245641494023974,
        "saturated_abs_rel": -0.09746868702008402
      },
      "delta_final_minus_D1": {
        "boundary_abs_rel": -0.006791939147684223,
        "dark_abs_rel": 0.001955190572164381,
        "dav2_high_error_abs_rel": -0.009577264534187835,
        "far50_abs_rel": -0.0034530276729871634,
        "saturated_abs_rel": 0.003126159911557125
      },
      "final": {
        "boundary_abs_rel": 0.2623648877519317,
        "dark_abs_rel": 0.10451852727678052,