{
  "pedestal": [
    7.62939453125e-06,
    7.62939453125e-06,
    7.62939453125e-06,
    7.62939453125e-06
  ],
  "scale": [
    0.029815673828125,
    0.0548553466796875,
    0.054107666015625,
    0.03485107421875
  ]
}
