{
  "pedestal": [
    0.0,
    0.0,
    0.0,
    0.0
  ],
  "scale": [
    0.9999923706054688,
    0.9999923706054688,
    0.9999923706054688,
    0.9999923706054688
  ]
}
