{
  "pedestal": [
    0.04677581787109375,
    0.04853057861328125,
    0.04869842529296875,
    0.05480194091796875
  ],
  "scale": [
    0.953216552734375,
    0.9514617919921875,
    0.9512939453125,
    0.9451904296875
  ]
}
