{
  "control_rows": [
    {
      "KITTI abs_rel": 0.09622246028771116,
      "KITTI d1": 0.8951672647035726,
      "VK D1 abs_rel": 0.12099387625910331,
      "VK abs_rel": 0.11729256744108649,
      "VK d1": 0.8603872998098767,
      "boundary": 0.243164209949122,
      "dark": 0.10300462750121692,
      "delta_condition": "feature_d1_stopgrad",
      "eval_feature_ablation_mode": null,
      "far50": 0.2605253634921313,
      "final-D1": -0.0037013088180168213,
      "gate_condition": "feature_d1",
      "high-error": 0.2533209184689911,
      "high_ratio": 1.0037309304773807,
      "incremental_feature_source": "x3",
      "low_ratio": 0.6469559300243855,
      "mean_abs_gate_delta": 0.016522529172245413,
      "mean_gate": 0.06021935555152595,
      "method": "N7",
      "method_id": "N7",
      "phase": "N7 true",
      "run_dir": "/home/caq/6666_raw/dav2_raw_0522/finetune_stf/exp/0530_0216_vkitti_n7_x3_lp0p5_q0p3_lfl0p0_rfttrue_vits_half187x621_sceneholdout_Scene20_n1000_seed42_bs8_e10",
      "saturated": 0.11852521828034376,
      "selected_by": "best_abs_rel",
      "selected_ckpt": "/mnt/drive/3333_raw/0000_exp_ckpt/0530_0216_vkitti_n7_x3_lp0p5_q0p3_lfl0p0_rfttrue_vits_half187x621_sceneholdout_Scene20_n1000_seed42_bs8_e10/epoch_09.pth",
      "selected_epoch": 9,
      "train_feature_ablation_mode": null,
      "trainable_params": 438825
    }
  ],
  "invariance_check": {
    "D0": {
      "abs_rel": 0.0,
      "d1": 0.0,
      "d2": 0.0,
      "d3": 0.0,
      "log10": 0.0,
      "rmse": 0.0,
      "rmse_log": 0.0,
      "silog": 0.0,
      "silog_x100": 0.0,
      "sq_rel": 0.0
    },
    "D1": {
      "abs_rel": 0.0,
      "d1": 0.0,
      "d2": 0.0,
      "d3": 0.0,
      "log10": 0.0,
      "rmse": 0.0,
      "rmse_log": 0.0,
      "silog": 0.0,
      "silog_x100": 0.0,
      "sq_rel": 0.0
    },
    "ok": true,
    "tolerance": 1e-07
  },
  "n7_ablation_root": "/home/caq/6666_raw/dav2_raw_0522/plans/0527/diagnostics/0530_n7_eval_x3_ablation_0530_1723",
  "n7_rgb_run_dir": null,
  "n7_true_run_dir": "/home/caq/6666_raw/dav2_raw_0522/finetune_stf/exp/0530_0216_vkitti_n7_x3_lp0p5_q0p3_lfl0p0_rfttrue_vits_half187x621_sceneholdout_Scene20_n1000_seed42_bs8_e10",
  "n7_zero_run_dir": null,
  "p0_rows": [
    {
      "KITTI D1 abs_rel": 0.09644374810658646,
      "KITTI abs_rel": 0.09622222485165156,
      "KITTI d1": 0.8960024341802686,
      "VK D0 abs_rel": 0.15309758370696205,
      "VK D1 abs_rel": 0.12097560103065506,
      "VK abs_rel": 0.12205316245870751,
      "VK d1": 0.8490567526805992,
      "boundary": 0.2611416398187342,
      "c2_checkpoint": "/mnt/drive/3333_raw/0000_exp_ckpt/0525_0203_vkitti_c2_d0only_residual_vits_halfd0_187x621_sceneholdout_Scene20_n1000_seed42_bs8_e20/best_abs_rel.pth",
      "dark": 0.10462152203326305,
      "far50": 0.2773215067164773,
      "final-D1": 0.0010775614280524454,
      "high-error": 0.2638143172781727,
      "high_ratio": 1.0436413599401713,
      "low_ratio": 0.6588110572695732,
      "mean_abs_gate_delta": 0.01716998299653642,
      "mean_gate": 0.06343822929635644,
      "mean_kind": "batch_spatial_mean",
      "mode": "mean",
      "phase": "P0",
      "run_dir": "/home/caq/6666_raw/dav2_raw_0522/plans/0527/diagnostics/0530_n7_eval_x3_ablation_0530_1723/mode_mean_scope_both",
      "saturated": 0.13278410076879146,
      "scope": "both",
      "source_checkpoint": "/mnt/drive/3333_raw/0000_exp_ckpt/0530_0216_vkitti_n7_x3_lp0p5_q0p3_lfl0p0_rfttrue_vits_half187x621_sceneholdout_Scene20_n1000_seed42_bs8_e10/epoch_09.pth"
    },
    {
      "KITTI D1 abs_rel": 0.09644374810658646,
      "KITTI abs_rel": 0.09637372228767646,
      "KITTI d1": 0.8948069357681949,
      "VK D0 abs_rel": 0.15309758370696205,
      "VK D1 abs_rel": 0.12097560103065506,
      "VK abs_rel": 0.1212763077369966,
      "VK d1": 0.8523574394866202,
      "boundary": 0.2623648877519317,
      "c2_checkpoint": "/mnt/drive/3333_raw/0000_exp_ckpt/0525_0203_vkitti_c2_d0only_residual_vits_halfd0_187x621_sceneholdout_Scene20_n1000_seed42_bs8_e20/best_abs_rel.pth",
      "dark": 0.10451852727678052,
      "far50": 0.269874657823988,
      "final-D1": 0.0003007067063415386,
      "high-error": 0.2622923610810758,
      "high_ratio": 0.9922378859817982,
      "low_ratio": 0.6810292302668095,
      "mean_abs_gate_delta": 0.01804094842588529,
      "mean_gate": 0.06390454685967416,
      "mean_kind": null,
      "mode": "shuffle",
      "phase": "P0",
      "run_dir": "/home/caq/6666_raw/dav2_raw_0522/plans/0527/diagnostics/0530_n7_eval_x3_ablation_0530_1723/mode_shuffle_scope_both",
      "saturated": 0.13847696452242156,
      "scope": "both",
      "source_checkpoint": "/mnt/drive/3333_raw/0000_exp_ckpt/0530_0216_vkitti_n7_x3_lp0p5_q0p3_lfl0p0_rfttrue_vits_half187x621_sceneholdout_Scene20_n1000_seed42_bs8_e10/epoch_09.pth"
    },
    {
      "KITTI D1 abs_rel": 0.09644374810658646,
      "KITTI abs_rel": 0.09619027758433964,
      "KITTI d1": 0.8952267207587885,
      "VK D0 abs_rel": 0.15309758370696205,
      "VK D1 abs_rel": 0.12097560103065506,
      "VK abs_rel": 0.11727715445647811,
      "VK d1": 0.8604269477100324,
      "boundary": 0.24309784451661057,
      "c2_checkpoint": "/mnt/drive/3333_raw/0000_exp_ckpt/0525_0203_vkitti_c2_d0only_residual_vits_halfd0_187x621_sceneholdout_Scene20_n1000_seed42_bs8_e20/best_abs_rel.pth",
      "dark": 0.10299681289143413,
      "far50": 0.2604315246590059,
      "final-D1": -0.00369844657417695,
      "high-error": 0.2533408199173369,
      "high_ratio": 1.0039352102577686,
      "low_ratio": 0.6469549541771412,
      "mean_abs_gate_delta": 0.016516755028627813,
      "mean_gate": 0.06019652613066137,
      "mean_kind": null,
      "mode": "true",
      "phase": "P0",
      "run_dir": "/home/caq/6666_raw/dav2_raw_0522/plans/0527/diagnostics/0530_n7_eval_x3_ablation_0530_1723/mode_true_scope_both",
      "saturated": 0.11831445955335475,
      "scope": "both",
      "source_checkpoint": "/mnt/drive/3333_raw/0000_exp_ckpt/0530_0216_vkitti_n7_x3_lp0p5_q0p3_lfl0p0_rfttrue_vits_half187x621_sceneholdout_Scene20_n1000_seed42_bs8_e10/epoch_09.pth"
    },
    {
      "KITTI D1 abs_rel": 0.09644374810658646,
      "KITTI abs_rel": 0.0959792890594671,
      "KITTI d1": 0.8956696580382058,
      "VK D0 abs_rel": 0.15309758370696205,
      "VK D1 abs_rel": 0.12097560103065506,
      "VK abs_rel": 0.12367251282883175,
      "VK d1": 0.8434971853550892,
      "boundary": 0.25961176570172234,
      "c2_checkpoint": "/mnt/drive/3333_raw/0000_exp_ckpt/0525_0203_vkitti_c2_d0only_residual_vits_halfd0_187x621_sceneholdout_Scene20_n1000_seed42_bs8_e20/best_abs_rel.pth",
      "dark": 0.10945085114695935,
      "far50": 0.2950208514818695,
      "final-D1": 0.0026969117981766877,
      "high-error": 0.2570481447013855,
      "high_ratio": 0.667268808066845,
      "low_ratio": 0.8143501342236996,
      "mean_abs_gate_delta": 0.033880523376632485,
      "mean_gate": 0.12268796339165419,
      "mean_kind": null,
      "mode": "zero",
      "phase": "P0",
      "run_dir": "/home/caq/6666_raw/dav2_raw_0522/plans/0527/diagnostics/0530_n7_eval_x3_ablation_0530_1723/mode_zero_scope_both",
      "saturated": 0.13391052311190305,
      "scope": "both",
      "source_checkpoint": "/mnt/drive/3333_raw/0000_exp_ckpt/0530_0216_vkitti_n7_x3_lp0p5_q0p3_lfl0p0_rfttrue_vits_half187x621_sceneholdout_Scene20_n1000_seed42_bs8_e10/epoch_09.pth"
    }
  ],
  "threshold_check": {
    "boundary_pass": true,
    "boundary_true_minus_shuffle_abs_rel": 0.019267043235321107,
    "overall_pass": true,
    "overall_true_minus_shuffle_abs_rel": 0.003999153280518489,
    "saturated_pass": true,
    "saturated_true_minus_shuffle_abs_rel": 0.02016250496906681
  }
}
