{
  "alignment_protocol": "per_image_affine_disp_depth_anything_v2",
  "diagnostics": {
    "high_ratio": 0.667268808066845,
    "low_ratio": 0.8143501342236996,
    "max_gate": 0.99997265625,
    "mean_abs_delta": 0.4753842767775059,
    "mean_abs_delta_effective": 0.2641378603577614,
    "mean_abs_gate_delta": 0.033880523376632485,
    "mean_gate": 0.12268796339165419
  },
  "elapsed_seconds": 65.29776501655579,
  "epoch": 9,
  "feature_ablation_applied": true,
  "feature_ablation_donor_offset": 1,
  "feature_ablation_key": "x3",
  "feature_ablation_mean_kind": null,
  "feature_ablation_mode": "zero",
  "feature_ablation_scope": "both",
  "feature_ablation_seed": 42,
  "max_val_samples": null,
  "overall": {
    "D0": {
      "abs_rel": 0.15309758370696205,
      "d1": 0.8185215383322386,
      "d2": 0.9450730189946064,
      "d3": 0.9742901235289007,
      "log10": 0.06352323539552604,
      "rmse": 7.734394489169579,
      "rmse_log": 0.22276541426973925,
      "silog": 0.2221862616766919,
      "silog_x100": 22.218626167669186,
      "sq_rel": 1.9698870422995622
    },
    "D1": {
      "abs_rel": 0.12097560103065506,
      "d1": 0.8558252578152963,
      "d2": 0.9563824847407696,
      "d3": 0.9845789876002944,
      "log10": 0.05192777147705303,
      "rmse": 6.626590125759038,
      "rmse_log": 0.18627340850239238,
      "silog": 0.1856540173600441,
      "silog_x100": 18.565401736004418,
      "sq_rel": 1.2261396328979204
    },
    "delta_D1_minus_D0": {
      "abs_rel": -0.03212198267630699,
      "d1": 0.03730371948305766,
      "d2": 0.011309465746163205,
      "d3": 0.010288864071393733,
      "log10": -0.011595463918473013,
      "rmse": -1.1078043634105406,
      "rmse_log": -0.036492005767346875,
      "silog": -0.03653224431664778,
      "silog_x100": -3.6532244316647677,
      "sq_rel": -0.7437474094016419
    },
    "delta_final_minus_D1": {
      "abs_rel": 0.0026969117981766877,
      "d1": -0.012328072460207062,
      "d2": -0.0007510746758290221,
      "d3": 0.0013777861781701928,
      "log10": 0.0018096171606177963,
      "rmse": 0.07523952530281708,
      "rmse_log": 0.0008475950863480741,
      "silog": 0.0007651294194302716,
      "silog_x100": 0.07651294194301883,
      "sq_rel": -0.04839330745863357
    },
    "final": {
      "abs_rel": 0.12367251282883175,
      "d1": 0.8434971853550892,
      "d2": 0.9556314100649406,
      "d3": 0.9859567737784646,
      "log10": 0.05373738863767082,
      "rmse": 6.701829651061855,
      "rmse_log": 0.18712100358874045,
      "silog": 0.18641914677947438,
      "silog_x100": 18.641914677947437,
      "sq_rel": 1.1777463254392868
    }
  },
  "region": {
    "D0": {
      "boundary_abs_rel": 0.3497510201456718,
      "dark_abs_rel": 0.13172102187577467,
      "dav2_high_error_abs_rel": 0.3046741019632282,
      "far50_abs_rel": 0.2480820440029512,
      "saturated_abs_rel": 0.23281949163094845
    },
    "D1": {
      "boundary_abs_rel": 0.2691568268996159,
      "dark_abs_rel": 0.10256333670461613,
      "dav2_high_error_abs_rel": 0.2718696256152636,
      "far50_abs_rel": 0.27332768549697517,
      "saturated_abs_rel": 0.13535080461086443
    },
    "delta_D1_minus_D0": {
      "boundary_abs_rel": -0.08059419324605588,
      "dark_abs_rel": -0.029157685171158534,
      "dav2_high_error_abs_rel": -0.03280447634796457,
      "far50_abs_rel": 0.025245641494023974,
      "saturated_abs_rel": -0.09746868702008402
    },
    "delta_final_minus_D1": {
      "boundary_abs_rel": -0.009545061197893556,
      "dark_abs_rel": 0.006887514442343215,
      "dav2_high_error_abs_rel": -0.014821480913878138,
      "far50_abs_rel": 0.021693165984894347,
      "saturated_abs_rel": -0.0014402814989613877
    },
    "final": {
      "boundary_abs_rel": 0.25961176570172234,
      "dark_abs_rel": 0.10945085114695935,
      "dav2_high_error_abs_rel": 0.2570481447013855,
      "far50_abs_rel": 0.2950208514818695,
      "saturated_abs_rel": 0.13391052311190305
    }
  },
  "samples": 1000,
  "target_region_score": 0.0043988344325956545
}
