{
  "checkpoint_source": "/home/caq/333_cvpr/da_ours/checkpoints/depth_anything_v2_vits.pth",
  "metrics": {
    "abs_rel": 0.28977817852984994,
    "d1": 0.521778807711186,
    "d2": 0.765119703144415,
    "d3": 0.8799960407025477,
    "edge_overlap_iou": NaN,
    "edge_sobel_l1": NaN,
    "log10": 0.13687585034137667,
    "rmse": 12.320177137116877,
    "rmse_log": 0.43352703574731777,
    "silog": 0.43033237171918587,
    "silog_x100": 43.03323717191854,
    "sq_rel": 3.8676362280880214
  },
  "split": "stf_val",
  "stage": "stf_only"
}