split,checkpoint_label,sample_index,sample_id,normal_id,dark_id,valid_pixels,align_scale,align_shift,abs_rel,sq_rel,rmse,rmse_log,log10,silog,silog_x100,d1,d2,d3
lod_train_proxy,best,0,lod-0031-0032,31,32,491473,67.27529346450747,-17.343959858689026,0.32408305908031454,11.722831058753508,21.888497914904125,0.2596414574729149,0.05512866211236706,0.2593500394664256,25.93500394664256,0.8695777794507531,0.9549212265984093,0.9782816146563493
lod_train_proxy,best,1,lod-0185-0186,185,186,491520,68.02808679525883,-22.118645552705082,0.10468417694247652,2.579713614192684,16.334064858403853,0.17612021480391096,0.04268355222406359,0.1758613517545384,17.58613517545384,0.8636739095052083,0.952032470703125,0.9900349934895833
lod_train_proxy,best,2,lod-0275-0276,275,276,491520,57.80658923688715,49.354518935822405,0.22755863188514408,15.345355134804375,72.79185092831234,0.2609957789424436,0.09866372571502195,0.2609924507496858,26.09924507496858,0.5467244466145833,0.9532633463541667,0.9962422688802083
lod_train_proxy,best,3,lod-0293-0294,293,294,491520,86.62227055978775,-28.75711994431624,0.2718728721250439,15.286988851901533,49.70548254204713,0.3505979177698352,0.11500383767098571,0.35038197871523474,35.03819787152347,0.5077677408854167,0.8642740885416667,0.9355305989583333
lod_train_proxy,best,4,lod-0331-0332,331,332,491520,65.06532885959645,-12.965202994839403,0.14836086603980794,5.818993554617287,26.700163658379072,0.22501129311520268,0.05948342041544336,0.22463450080203023,22.463450080203025,0.8849222819010417,0.9521769205729167,0.972314453125
lod_train_proxy,best,5,lod-0363-0364,363,364,490982,65.63552312091106,-14.04134507536346,0.12841902140477698,5.469991120210403,25.228333229026077,0.983323529176066,0.06829967053782436,0.982253546898551,98.22535468985511,0.9082980638801422,0.9556277012191893,0.9762822262323262
lod_train_proxy,best,6,lod-0377-0378,377,378,491520,58.600247942348,-8.784118902425298,0.21688595133134134,16.137765295852137,60.499653819863845,0.26416969624994374,0.08747025916160742,0.2635407835780604,26.35407835780604,0.646270751953125,0.9120503743489583,0.9804423014322917
lod_train_proxy,best,7,lod-0395-0396,395,396,491520,55.00561010497788,39.965469776165655,0.06659441673273626,1.8046090391387275,18.98822429320284,0.09909144024927538,0.028511609540912655,0.09902026087720714,9.902026087720714,0.944439697265625,0.9986226399739583,1.0
lod_train_proxy,best,8,lod-0399-0400,399,400,491520,70.32502007992446,-8.140512570517295,0.2801508093162147,16.65516610986566,29.86143735988581,1.200464631126762,0.12928315549084415,1.1990630458521538,119.90630458521538,0.7709920247395833,0.825738525390625,0.8692423502604166
lod_train_proxy,best,9,lod-0427-0428,427,428,491520,165.52671248010472,-390.06423628750184,0.5769602106855412,38.64954984841854,53.39527001656745,0.6002019093903617,0.18243914663406968,0.592522327556882,59.2522327556882,0.43277180989583336,0.64278564453125,0.7564208984375
lod_train_proxy,best,10,lod-0545-0546,545,546,491520,50.982809926169686,102.7086956650915,0.27695950649980566,24.2948724430871,63.85142700042094,0.36059241468396197,0.10161329106809487,0.3579524653371152,35.79524653371152,0.6685465494791667,0.8299357096354166,0.90960693359375
lod_train_proxy,best,11,lod-0567-0568,567,568,491520,71.10325361145468,-26.237145634116235,0.11278804455176718,2.9231535193339426,22.030217408218704,0.16443080099762497,0.048767623484623844,0.1643141988410997,16.43141988410997,0.9111673990885417,0.991522216796875,0.9957112630208333
lod_train_proxy,best,12,lod-0619-0620,619,620,491520,64.34955664449424,4.228020623585282,0.0851616340221533,2.9530609478917014,24.63292275816332,0.165325517713377,0.038377317629614986,0.16528319095555022,16.528319095555023,0.908624267578125,0.9677083333333333,0.9858113606770833
lod_train_proxy,best,13,lod-0671-0672,671,672,491520,39.36558002686986,247.17817615968673,0.04771876594207782,3.611971678691137,31.002958086024677,0.10445458568681289,0.01944272669591324,0.10438802841402336,10.438802841402337,0.9421549479166667,0.9906229654947917,0.9958211263020833
lod_train_proxy,best,14,lod-0705-0706,705,706,491520,61.27820066535736,68.65309960367948,0.09981004775488807,6.379958030742145,38.740334908087526,0.16689938456911396,0.04165985034511852,0.16664437683402092,16.66443768340209,0.8724324544270833,0.9643941243489583,0.9921244303385417
lod_train_proxy,best,15,lod-0711-0712,711,712,491513,75.89977776572246,9.744023759723476,0.20708822592079104,15.529655570247636,38.141335966190326,0.2879296487129232,0.06063578221697985,0.2875439530898375,28.75439530898375,0.8256139715531431,0.9262745848024365,0.9638178440855074
lod_train_proxy,best,16,lod-0783-0784,783,784,480195,88.33868215356787,-90.7007005891489,2.587695424343929,257.94676058016427,47.6631876363227,4.315689787903832,0.6750024875936066,4.234363325813875,423.4363325813875,0.4351440560605587,0.6147211028852861,0.7411405783067295
lod_train_proxy,best,17,lod-0833-0834,833,834,491520,64.14658860947218,38.66770219483779,0.05753718134375722,1.9866365072155014,25.14834592326942,0.08586328093424463,0.024586576519717164,0.08584861372185972,8.584861372185971,0.9825052897135417,0.9971700032552083,0.9991068522135417
lod_train_proxy,best,18,lod-0851-0852,851,852,491520,66.29953506933819,40.54715740865858,0.04509027814096377,1.7860200180681811,18.774981769181963,0.09626465882617595,0.01865769124752122,0.09620857817612513,9.620857817612514,0.9597371419270834,0.9901997884114583,0.997003173828125
lod_train_proxy,best,19,lod-0861-0862,861,862,491520,55.205633283407266,53.02001009164098,0.10396690748546748,5.805413945224555,50.073843424969354,0.145944646451292,0.04406631796712674,0.145092264831894,14.5092264831894,0.912237548828125,0.9769694010416666,0.9974568684895834
lod_train_proxy,best,20,lod-0893-0894,893,894,491520,75.65189777491078,-15.099604576600248,0.16491496512694243,7.999326642111778,25.52914774044139,0.24402902154805878,0.05539995951754683,0.24214052723285695,24.214052723285697,0.8665018717447917,0.9405131022135417,0.9691182454427083
lod_train_proxy,best,21,lod-0983-0984,983,984,471564,59.898795437043454,32.19001026863162,188.89762776785733,8005.8750433518035,39.17383660446827,1.3403606917941102,0.26827424565805363,1.2992403707115028,129.92403707115028,0.7117570467635358,0.797539676480817,0.8201983187859972
lod_train_proxy,best,22,lod-1001-1002,1001,1002,490630,71.98631767389472,-5.787772598727385,2.293403534613611,251.22476407934033,32.50249273492281,0.46839923417882207,0.07557789166390737,0.4662647425435878,46.62647425435878,0.8753235635815176,0.9185781546175326,0.9365040865825571
lod_train_proxy,best,23,lod-1065-1066,1065,1066,485183,63.30199339233805,-7.494447855910134,13.201656248566248,1622.1769470011875,15.197759240294534,3.8996068266480584,0.5052749073606744,3.8266410638555777,382.6641063855578,0.859298450275463,0.8870920869032921,0.8971377810022197
lod_train_proxy,best,24,lod-1195-1196,1195,1196,491456,70.90262431674739,-52.84632784710814,0.2663851571984535,7.598517509946643,15.614740022751297,1.3157888518064553,0.10992386828276128,1.3115024432346003,131.15024432346004,0.8476832107045188,0.9159131234535747,0.9393536756088032
lod_train_proxy,best,25,lod-1237-1238,1237,1238,484449,69.51263493990207,-9.938730591380088,5.547800132635762,400.0430886944514,19.617977042002334,1.237916601749798,0.10325743606788577,1.2368252110729805,123.68252110729804,0.8206931999033954,0.8966124401123751,0.9460355992065212
lod_train_proxy,best,26,lod-1281-1282,1281,1282,484821,66.56425672313905,4.134490030524471,1.288511377264566,60.42325639302886,22.919382590645064,0.22613673672390922,0.03077995309258643,0.22585590089861945,22.585590089861945,0.9522297920263355,0.9765439203334839,0.9853265431984176
lod_train_proxy,best,27,lod-1385-1386,1385,1386,491520,56.04650527713417,66.14477805260194,0.07379635934133631,2.066132225724074,24.30943421902471,0.09129158990280874,0.03229699785790114,0.09128193718246716,9.128193718246717,0.9847981770833333,0.998956298828125,0.99990234375
lod_train_proxy,best,28,lod-1429-1430,1429,1430,478983,65.36999797032816,-8.613414879210136,18.024541716781766,249.23481753017708,18.59314612518881,0.47556647566260607,0.04504070808049839,0.47507413553800243,47.50741355380024,0.9098652770557619,0.9613806753058042,0.9706816317071796
lod_train_proxy,best,29,lod-1453-1454,1453,1454,491520,72.26576077465883,0.8973719455701304,0.11035243243651367,4.27156433583738,31.305188957383763,0.191473926768532,0.04870205674635077,0.1914264679969777,19.142646799697772,0.9226338704427083,0.96763916015625,0.9843037923177084
lod_train_proxy,best,30,lod-1531-1532,1531,1532,491520,58.04714028113459,-12.277596647095676,0.4013737845173112,20.303958157309445,40.90995725090941,0.48114298555210633,0.13771065371505212,0.4805364212462445,48.05364212462445,0.55264892578125,0.7583455403645833,0.8607869466145833
lod_train_proxy,best,31,lod-1579-1580,1579,1580,491520,46.1450722326046,133.72412231977032,0.09667618696822457,3.365123066094825,28.48657777284669,0.12188241614882425,0.04181883293211474,0.1217891112055845,12.17891112055845,0.9210652669270833,0.999822998046875,1.0
lod_train_proxy,best,32,lod-1583-1584,1583,1584,491520,30.419238947833918,166.58770731067693,0.0812905053269448,2.281475680905671,23.886747264825633,0.0969274627024163,0.035175037162895814,0.0968776219016416,9.687762190164161,0.9879740397135417,1.0,1.0
lod_train_proxy,best,33,lod-1597-1598,1597,1598,491520,67.567124056423,-32.67024865314017,0.36460908524649327,25.866801458957863,49.904952232273295,0.9671100694785524,0.1363263518170143,0.9662871773220003,96.62871773220003,0.6679728190104167,0.81595458984375,0.909674072265625
lod_train_proxy,best,34,lod-1617-1618,1617,1618,491520,70.83968602832144,-33.15686873526814,0.25977845561060847,12.367259973169405,36.18948972291571,0.3411467980814145,0.08797499955245748,0.33976430452561335,33.97643045256133,0.68570556640625,0.8612040201822917,0.9431355794270834
lod_train_proxy,best,35,lod-1709-1710,1709,1710,491520,63.07257213296065,30.541975309525633,0.0697186827696075,2.7037517710797223,21.68190867052134,0.11889469996747577,0.02893224501886634,0.11889158406970211,11.88915840697021,0.94805908203125,0.9870808919270834,0.99532470703125
lod_train_proxy,best,36,lod-1721-1722,1721,1722,445630,72.76646451709792,-14.762112122699826,7.825743323683283,171.934295510874,26.53166368375986,2.2182633352452608,0.23328435406383813,2.210947872161036,221.09478721610358,0.7786235217557166,0.8606399928191549,0.8960976594933017
lod_train_proxy,best,37,lod-1793-1794,1793,1794,486953,68.00383753872197,-8.026460406241107,0.1477416068417942,3.641732135034068,21.146220528237517,0.18715565582163735,0.04583701303824591,0.18635161362376998,18.635161362376998,0.8820276289498166,0.9561518257408826,0.9912660975494555
lod_train_proxy,best,38,lod-1841-1842,1841,1842,491520,49.204169691475826,83.04402644165974,0.17196262624756137,10.368968056211857,42.07783912342669,0.2658395063183206,0.06304259510777155,0.26370629530271,26.370629530271,0.7793802897135417,0.867803955078125,0.9489644368489584
lod_train_proxy,best,39,lod-1865-1866,1865,1866,488037,71.81564304620657,-7.751576858225765,0.9203108679674628,26.276305518320356,19.683812399408453,0.3134630283492598,0.054192498481948355,0.3134070317228964,31.34070317228964,0.8720445376067798,0.9502004970934581,0.9745224235047752
lod_train_proxy,best,40,lod-1913-1914,1913,1914,475736,62.149827217402695,-3.4798324154740756,1.5121873665562668,25.763305267387288,14.507207253288003,0.49030000693788056,0.07615845415158796,0.48351442856745047,48.351442856745045,0.843848268787731,0.8804526039652244,0.9023323860292263
lod_train_proxy,best,41,lod-1933-1934,1933,1934,477006,56.1469298958506,0.41627153239719417,1.4529395404076013,28.442740466043006,12.73033820621327,0.3846934977769504,0.05723547677984036,0.38219400982572316,38.21940098257232,0.8747793528802573,0.9333761000909842,0.9525477666947586
lod_train_proxy,best,42,lod-1937-1938,1937,1938,491520,74.14139154088303,-3.734672743302906,0.12401575854525464,2.3235182826355802,9.07298379944117,0.21649889680669324,0.0404282655331674,0.21288591739044116,21.288591739044115,0.8768452962239583,0.937713623046875,0.9720357259114584
lod_train_proxy,best,43,lod-1943-1944,1943,1944,491060,38.53297389388123,0.6349931244745023,0.3859392466183046,5.569862155319345,7.953598167785287,0.23442049298560058,0.039101470212005496,0.23315936075837856,23.315936075837858,0.8906264000325825,0.9546694904899605,0.9796929092167963
lod_train_proxy,best,44,lod-2037-2038,2037,2038,491520,35.176239670172706,146.05742407080467,0.22822938167205006,15.703814276260562,55.3886137759427,0.26519155030397207,0.09133491327458386,0.2642550592346846,26.425505923468464,0.6367960611979167,0.9348876953125,0.9743001302083333
lod_train_proxy,best,45,lod-2039-2040,2039,2040,491520,58.39255884671247,60.028217295984035,0.06622290273255735,2.690439757037332,27.705868666521372,0.11544663956408455,0.030022454303351417,0.11543730016253585,11.543730016253585,0.949951171875,0.979705810546875,0.997686767578125
lod_train_proxy,best,46,lod-2065-2066,2065,2066,487265,66.29650162599353,-41.30080777034826,1.5255819860718027,32.78258496573467,21.1479836866186,1.3612611567642703,0.14884664063078423,1.3612214335389357,136.12214335389356,0.7171990600597211,0.8201902455542672,0.8836752075359404
lod_train_proxy,best,47,lod-2097-2098,2097,2098,491520,49.78043656504072,87.66911935289338,0.09606905284387562,3.3516098026924803,25.2878524857622,0.1309311025493368,0.0403773600665768,0.13078238821151894,13.078238821151894,0.8973225911458333,0.9942708333333333,0.9998799641927083
lod_train_proxy,best,48,lod-2111-2112,2111,2112,489613,58.43129937474228,-12.490543336065585,6.422065540209322,191.56078876270686,21.608019900956393,0.5087134166669107,0.10291174396203749,0.503133463220249,50.3133463220249,0.7507888883669347,0.8687922910543634,0.9292992628872191
lod_train_proxy,best,49,lod-2145-2146,2145,2146,490986,56.57658314874919,-2.441119925725529,1.0872356179086615,34.41296919058551,13.179061941312765,0.3186813432563853,0.04283386309832237,0.3176984820000021,31.76984820000021,0.908107359476645,0.9480616555258194,0.9735369236597378
lod_train_proxy,best,50,lod-2173-2174,2173,2174,481969,73.82355690614017,6.2335028552102525,0.13081058684780553,2.7716203935369705,12.515061549133298,0.20302338470237669,0.032149777406456664,0.20182533332009067,20.18253333200907,0.9432266390576988,0.9660289354709535,0.974763937099689
lod_train_proxy,best,51,lod-2205-2206,2205,2206,487280,67.57722096900433,-20.743170640329925,3.1335576264412297,81.99242192518513,17.28397171254664,0.4489814866748398,0.060999736263745746,0.4472376409329034,44.72376409329034,0.8564706123789197,0.9316573633229355,0.9584181579379413
lod_train_proxy,best,52,lod-2255-2256,2255,2256,491520,70.7417893892138,3.473062623075353,0.11780318458639183,9.001994222329849,35.97986261636777,0.2615341203002487,0.04731592854458153,0.2615328986149805,26.153289861498052,0.8920003255208333,0.9440511067708334,0.9625895182291667
lod_train_proxy,best,53,lod-2355-2356,2355,2356,491520,64.49445224401406,-14.02268268396496,0.16444965480996168,10.193679394618131,36.450476088583976,0.2545190790561299,0.06152477049977389,0.2539897499041627,25.398974990416267,0.83330078125,0.9292521158854167,0.9628092447916666
lod_train_proxy,best,54,lod-2393-2394,2393,2394,491520,48.411325689740735,63.823882923438056,0.09156458591318434,2.582541791084662,23.049400317084555,0.12181919947884604,0.03804427406473399,0.12128676682197792,12.128676682197792,0.928839111328125,0.9940205891927083,0.9997762044270834
lod_train_proxy,best,55,lod-2403-2404,2403,2404,491520,56.66440398199335,59.11435175890499,0.09072430961865201,3.1694957625424807,22.06067912478823,0.13865557812164814,0.036429045786780946,0.13842363640697355,13.842363640697355,0.9261454264322917,0.9833455403645833,0.9939412434895833
lod_train_proxy,best,56,lod-2495-2496,2495,2496,491520,54.365486126266575,84.7767872223174,0.10214556455220238,4.029540252934257,29.23433277765634,0.13756605809444092,0.04344691569893504,0.13745066382359444,13.745066382359445,0.8902058919270833,0.993145751953125,0.9999491373697916
lod_train_proxy,best,57,lod-2733-2734,2733,2734,491520,56.14569554187309,-25.063409350679365,0.211660638053954,6.849451493852738,27.249237467797418,0.27241446240776895,0.09082459749920879,0.2719932403886377,27.19932403886377,0.6092814127604167,0.9136800130208333,0.974102783203125
lod_train_proxy,best,58,lod-2767-2768,2767,2768,486745,79.48577967572567,-23.220204771148044,5.481955336571418,142.81017367789127,16.26218873425143,1.6608654311759579,0.11901024804058147,1.6574520045710188,165.74520045710187,0.8564977554982588,0.9425510277455341,0.958510102825915
lod_train_proxy,best,59,lod-2781-2782,2781,2782,491520,54.20756975600066,62.46082576339971,0.10886114633944945,5.306172226935355,32.11386816306569,0.15713075612412464,0.043739065511919493,0.15705354985277953,15.705354985277953,0.9310302734375,0.9765665690104167,0.99072265625
lod_train_proxy,best,60,lod-2783-2784,2783,2784,490016,62.68695374986674,12.540483481503083,10.329898117066152,1310.3594756447337,26.634536201100662,0.35662651108391197,0.05415319044842525,0.3559834794859112,35.59834794859112,0.8984522954352511,0.9659909064193822,0.9799741232939333
lod_train_proxy,best,61,lod-2835-2836,2835,2836,491520,62.4258954161775,45.96497638655028,0.07523343071540936,2.0428347669430686,14.201085191629751,0.15152759567116691,0.027941398416444527,0.15092075229198582,15.092075229198581,0.9343851725260417,0.9571207682291667,0.9868326822916667
lod_train_proxy,best,62,lod-2945-2946,2945,2946,491520,66.11671222374358,45.45983923896747,0.06737469119047991,1.4428462447366712,17.05758195185331,0.09024923692881194,0.029466101076459215,0.08997049518662913,8.997049518662912,0.983538818359375,0.9991902669270833,1.0
lod_train_proxy,best,63,lod-2953-2954,2953,2954,491520,50.297515265290414,4.286134672004936,0.18511812169616154,6.809301531288501,30.479172672960157,0.2633353871827873,0.08233614992106002,0.2633163185400583,26.33163185400583,0.6643330891927083,0.9048136393229167,0.9791910807291667
lod_train_proxy,best,64,lod-2971-2972,2971,2972,491518,57.98727587433015,-8.141486321253852,0.2027468663058658,8.153785891199453,26.58497486039673,0.9882036092055803,0.09501301849444876,0.9864519631816786,98.64519631816786,0.8076387843375014,0.9059525795596499,0.9391538051505743
lod_train_proxy,best,65,lod-2973-2974,2973,2974,491520,65.41419379152276,33.43551540858714,0.09223483803484028,3.5113817779647145,27.034329958053366,0.17045459598503407,0.03806690471645832,0.16976686299176133,16.976686299176134,0.8980021158854167,0.9634562174479167,0.9829630533854167
lod_train_proxy,best,66,lod-2985-2986,2985,2986,491520,51.93977971432539,20.391311701140864,0.18688213575317242,11.474816198896375,40.45056366264329,0.2497832514854075,0.07067611363875417,0.24931804626472598,24.931804626472598,0.7766621907552084,0.9495869954427083,0.9734517415364583
lod_train_proxy,best,67,lod-3021-3022,3021,3022,485609,70.05583148734402,-10.28383197878792,2.1318254225144115,64.08130138723197,24.521416316114895,0.3890754026854773,0.06109728794657324,0.38696722911615977,38.69672291161598,0.8779388355652387,0.9378512342234184,0.9529930458455259
lod_train_proxy,best,68,lod-3037-3038,3037,3038,491520,73.09417694494067,-13.753270905067724,0.168538705219932,7.979141301615579,21.93386624706878,0.2643549557256083,0.05506215032756084,0.26390406664380117,26.390406664380116,0.8268330891927084,0.9339253743489583,0.971783447265625
lod_train_proxy,best,69,lod-3067-3068,3067,3068,491520,63.85125622032062,4.576027293700182,0.07944271698481575,1.8838185848775904,19.757664887427147,0.11557957223513252,0.033122204567799886,0.11542447467872868,11.542447467872869,0.9448689778645833,0.991082763671875,0.9977579752604167
lod_train_proxy,best,70,lod-3095-3096,3095,3096,491397,65.6081776111321,6.62601208723604,0.2329926274705378,6.470674101370162,13.435692901910045,0.20283240643250797,0.03827607965111448,0.20210065854191225,20.210065854191225,0.9008235703514673,0.9650913619741268,0.9839417009057849
lod_train_proxy,best,71,lod-3145-3146,3145,3146,476931,71.79338020763949,-17.178908154115305,0.18778960482509802,3.9338935211772843,13.703166492685627,1.1814506583048658,0.08188152473200402,1.1803313352447062,118.03313352447063,0.8959115679207265,0.9481497323512206,0.9640451134440831
lod_train_proxy,best,72,lod-3161-3162,3161,3162,491520,64.44384759989872,28.042258219914334,0.059613538388420956,1.5450136327415918,17.012354378068814,0.0964555758657763,0.024231092881107513,0.09597262948911832,9.597262948911832,0.9540201822916666,0.9959370930989583,0.9982401529947916
lod_train_proxy,best,73,lod-3249-3250,3249,3250,491520,-2.2004269410979482,219.2877982162374,0.15701924986706206,8.036382420830915,38.91586672974437,0.19305577645482147,0.06476484337508112,0.19265048178576677,19.265048178576677,0.7721476236979167,0.9689778645833333,0.9960245768229167
lod_train_proxy,best,74,lod-3253-3254,3253,3254,491520,62.469141410469085,11.41088818844498,0.08373665460630471,3.024161006206285,20.875525607456765,0.16411144694415633,0.032423435239632946,0.16310018046701685,16.310018046701686,0.8881368001302083,0.9727701822916667,0.9939188639322917
lod_train_proxy,best,75,lod-3259-3260,3259,3260,491520,71.37271707734466,-33.21366107804306,0.0639949763586324,1.1210093264529593,11.149758551104435,0.1192753945429895,0.026705006498238475,0.1191765566353935,11.91765566353935,0.94215087890625,0.9862040201822917,0.994818115234375
lod_train_proxy,best,76,lod-3285-3286,3285,3286,491520,81.44154505735072,-81.59269955930534,0.2901305618348676,13.41381689506028,45.244548914929624,0.7448861019488602,0.1332767598565916,0.7448710750035573,74.48710750035573,0.469183349609375,0.80224609375,0.9607747395833334
lod_train_proxy,best,77,lod-3291-3292,3291,3292,491495,61.6011758317936,45.30209416677303,0.17270298062705589,9.55535620887119,33.711760146712855,0.27722074656308116,0.06314184703253067,0.2761809313371585,27.61809313371585,0.8122300328589304,0.8896184091394622,0.9533260765623252
lod_train_proxy,best,78,lod-3309-3310,3309,3310,490436,65.66961435269972,16.232890799206558,144.82364887857952,13475.719592228721,39.231285718448184,0.5949501710214377,0.10309529593916611,0.5896537000483217,58.965370004832174,0.7724596073697689,0.883348693815299,0.9233192506259736
lod_train_proxy,best,79,lod-3357-3358,3357,3358,491520,64.49629945206235,3.1433414370995694,0.2013051905657912,15.106052581529315,55.95572723098761,0.29495662203964806,0.07489688265445518,0.29282191105325756,29.282191105325754,0.7719014485677084,0.9108642578125,0.9383402506510417
lod_train_proxy,best,80,lod-3361-3362,3361,3362,491520,68.56020367258105,-8.454808186841571,0.10701315564522788,2.291299912626706,12.879459659047209,0.4018889649565274,0.04581909747717383,0.40173874409695837,40.173874409695834,0.8388590494791667,0.9594828287760416,0.988116455078125
lod_train_proxy,best,81,lod-3383-3384,3383,3384,483164,104.1455631962151,-148.54063184749623,2.184855253888759,119.71197352878364,58.75417217603927,5.82359161925821,1.2701007561770588,5.6887691107857155,568.8769110785715,0.19425288307903735,0.2806334909057794,0.3805540147858698
lod_train_proxy,best,82,lod-3399-3400,3399,3400,491520,38.197293783462825,40.298305208442635,0.14294089730821685,3.9489863032633115,23.270992332474762,0.17187792484254408,0.05962719664481461,0.17101608763484308,17.101608763484307,0.828326416015625,0.9889607747395833,0.998626708984375
lod_train_proxy,best,83,lod-3487-3488,3487,3488,491520,62.704180336305825,69.36369342484784,0.19080305245961637,12.45377957007986,58.078267209536726,0.24013697091337213,0.08029647922474921,0.23902043881553034,23.902043881553034,0.72554931640625,0.951788330078125,0.9700174967447917
lod_train_proxy,best,84,lod-3495-3496,3495,3496,491520,78.0902127331809,-23.633677007265636,0.2501633787570483,11.130508248106832,31.742593381897425,0.3356615026081347,0.06880533872413927,0.3338873791289459,33.38873791289459,0.8743143717447917,0.9304931640625,0.9525919596354167
lod_train_proxy,best,85,lod-3497-3498,3497,3498,491520,81.77438414363924,-7.223576437997119,0.1963070122535221,11.06727015886648,31.822741490392794,0.425746445927797,0.08957340875219973,0.42475466125783273,42.47546612578327,0.7721089680989583,0.8333211263020833,0.8917439778645834
lod_train_proxy,best,86,lod-3515-3516,3515,3516,491520,83.27731262055049,-106.67977914585325,0.2814484976913644,12.190318498527946,32.38884748866269,0.31749299357741123,0.10601344677468609,0.3154612036742484,31.54612036742484,0.5762674967447917,0.7909871419270833,0.9773946126302083
lod_train_proxy,best,87,lod-3539-3540,3539,3540,412349,59.33979688042045,-33.09603964532326,0.403716949469677,9.996883984339624,13.360865240372775,3.8471064424602086,0.47457459807049956,3.792897963683693,379.28979636836925,0.7516351440163551,0.801127200502487,0.843106203725485
lod_train_proxy,best,88,lod-3557-3558,3557,3558,359520,66.5627620416035,-27.022804644236203,0.4493631213805174,11.713253596792086,9.684984231839417,2.638993596189446,0.22651214897937622,2.6190597563467524,261.90597563467526,0.929378059635069,0.9469904316866934,0.9544698486871384
lod_train_proxy,best,89,lod-3571-3572,3571,3572,362010,61.750844352015086,17.222090472022597,2.643481990833642,105.2767385726701,23.953425468457592,0.3117030427698291,0.057412338845258794,0.3111022147000254,31.110221470002543,0.8474517278528217,0.9802049667136267,0.9859672384740753
lod_train_proxy,best,90,lod-3577-3578,3577,3578,341036,75.65232537072339,-31.875606917752087,0.7067855420261836,45.38722712663244,11.783165832344359,1.4889501172585242,0.09255043197343404,1.4851677207578087,148.51677207578086,0.9536911059243013,0.9628719548669349,0.9667513107120655
lod_train_proxy,best,91,lod-3589-3590,3589,3590,446696,80.76705866253758,-35.68727608413322,0.32010597679718583,4.904918392743383,12.485127420073878,3.107771899727056,0.3600876187579333,3.070901709542427,307.0901709542427,0.6901203503053531,0.7743498934398338,0.8433162598277129
lod_train_proxy,best,92,lod-3595-3596,3595,3596,378575,84.92772218854705,-33.59389056419918,0.09686197792847774,4.115698018956143,18.8943602645834,0.8898736469529601,0.053886138352083626,0.8893924967653042,88.93924967653042,0.9271003103744304,0.9741768473882322,0.9863620154526844
lod_train_proxy,best,93,lod-3649-3650,3649,3650,478905,82.75840135313344,-19.55960598000009,32.34199888142128,2188.69218172904,28.801944616312586,0.7201914999620639,0.09670237377245308,0.7143750201202994,71.43750201202994,0.8360489032271536,0.9089234816926113,0.9272005930194924
lod_train_proxy,best,94,lod-3675-3676,3675,3676,405651,48.547951706056125,-21.099619467776105,0.317804012187151,18.336298836548572,20.338195232085567,0.4493982519601663,0.051827897971356056,0.44935496666954017,44.935496666954016,0.9315322777461413,0.9618489785554578,0.9732454745581793
lod_train_proxy,best,95,lod-3685-3686,3685,3686,486467,52.38304980733314,-20.622074153016456,0.3102859466447813,13.12696380401163,49.6462966065058,0.3386169425287802,0.11274687813960424,0.33821153123034897,33.8211531230349,0.4830440708208368,0.8851597333426522,0.9642175111569746
lod_train_proxy,best,96,lod-3703-3704,3703,3704,465318,82.75568946581056,-14.220816611352099,0.2551517388190785,19.70753998207374,76.07535311389937,0.2779754844958408,0.10238074292221111,0.27685218557031266,27.685218557031266,0.486662884307076,0.9176863994085765,0.9957899758874577
lod_train_proxy,best,97,lod-3705-3706,3705,3706,380330,64.13842746573316,-35.93767889230202,0.20999065454290874,11.63561430806743,27.079055357101197,0.3081732767224625,0.058339438238869036,0.3077156566798182,30.77156566798182,0.8621749533300029,0.9634028343806694,0.9738385086635291
lod_train_proxy,best,98,lod-3731-3732,3731,3732,320218,70.56823669756092,-38.163858274391835,0.15304420828138865,9.438211302590863,8.194898600280572,0.6722171328493819,0.031205554337297582,0.6720075236430999,67.20075236430999,0.9695769756853144,0.9867590204173406,0.9914683122123054
lod_train_proxy,best,99,lod-3829-3830,3829,3830,491520,64.8178114106013,-47.84150175046495,0.25762538615813685,10.80215857211828,32.26508351836616,0.31579853786691986,0.0987144760931072,0.31242810307341823,31.242810307341824,0.613348388671875,0.8292093912760417,0.957843017578125
lod_train_proxy,best,100,lod-3875-3876,3875,3876,491520,-35.84944545078533,259.8489760920492,0.4524221139633783,36.37576973901761,70.22307831323123,0.5126491489659952,0.1650217717629535,0.5077923833388235,50.77923833388235,0.398193359375,0.6945658365885417,0.8295613606770833
lod_train_proxy,best,101,lod-3961-3962,3961,3962,491231,68.407328024565,-1.7943030387295458,0.07360636755088434,1.3486294644998642,11.173266335377004,0.11151372066170427,0.026406525373816565,0.11128252607914778,11.128252607914778,0.9440181910343606,0.9954278129841154,0.9980111190051116
lod_train_proxy,best,102,lod-3969-3970,3969,3970,491520,79.38403131428359,-65.65501876687381,0.21939146104532709,6.407432542054727,17.279172037050778,0.3105662077974194,0.07458238839610536,0.3067684184653533,30.67684184653533,0.7260843912760416,0.8944905598958334,0.9362711588541667
lod_train_proxy,best,103,lod-3979-3980,3979,3980,491520,70.37419752304884,-37.66186990085727,0.13078744153894264,2.2203070539864114,10.454557193792155,0.24819232051991308,0.04632484727060497,0.2477456478568527,24.77456478568527,0.8646464029947917,0.9309529622395833,0.9678995768229167
lod_train_proxy,best,104,lod-4019-4020,4019,4020,491520,64.10535915054686,9.163126750603181,0.07327306242050695,1.9620376546910852,12.927513187238057,0.14412526079618265,0.026309448230107044,0.14387336463883893,14.387336463883893,0.94779052734375,0.99212646484375,0.99456787109375
lod_train_proxy,best,105,lod-4135-4136,4135,4136,491510,74.79491593859011,-40.093179385710876,1.1665793983197683,129.69381495301354,31.74224733355631,4.791191031569089,0.7008164866937506,4.6987192684286105,469.87192684286106,0.7917010844133385,0.8238326788875099,0.8516856218591686
lod_train_proxy,best,106,lod-4149-4150,4149,4150,491520,65.44281968598631,11.70542841763433,0.06740796835241863,1.9799613392109832,17.039733009995935,0.14279209814972466,0.027509527132323065,0.14278583664449784,14.278583664449783,0.9552714029947916,0.9783650716145833,0.9868672688802084
lod_train_proxy,best,107,lod-4197-4198,4197,4198,491520,58.110103527030724,41.03791709676434,0.1577588612203177,7.575822700748187,20.634517873815163,0.24626593465989238,0.04813468746895885,0.24625201893201648,24.62520189320165,0.826385498046875,0.954302978515625,0.9888346354166667
lod_train_proxy,best,108,lod-4219-4220,4219,4220,491520,61.72198707028047,85.79110043865856,0.07830615882740848,4.815475113570745,22.320860349801688,0.15727914929765546,0.027316816001743,0.15706121801397133,15.706121801397133,0.9432210286458333,0.9783671061197917,0.9880411783854167
lod_train_proxy,best,109,lod-4389-4390,4389,4390,491520,71.48295345660462,-32.49564587759122,0.07137642903396331,1.4180064272999928,12.376797588696443,0.12281972900165897,0.029286650725112117,0.12264489367664087,12.264489367664087,0.9300516764322917,0.9887898763020834,0.9956644694010417
lod_train_proxy,best,110,lod-4413-4414,4413,4414,491520,62.45687708960956,-22.209405893729304,0.13664990650465073,4.5444440150777865,20.605066344732197,0.203032338743173,0.05526523156451437,0.20294532312107172,20.294532312107172,0.838323974609375,0.958575439453125,0.982562255859375
lod_train_proxy,best,111,lod-4427-4428,4427,4428,491486,60.03539415407304,-12.840382462404154,0.268224538379887,7.5904368216209255,27.765985590369976,0.27989573586094096,0.06478534124743966,0.2790175594615131,27.901755946151308,0.8276960076177144,0.9184880139007011,0.9571076287015297
lod_val,best,0,lod-0053-0054,53,54,491520,59.214022666096014,34.94219754590702,0.15060048123838954,11.534025552560125,36.81875323258573,0.23342126560716686,0.05470006700831974,0.23305048792780336,23.305048792780337,0.8454020182291667,0.941241455078125,0.9730428059895834
lod_val,best,1,lod-0095-0096,95,96,491520,53.40583541587371,6.12205780091159,0.18477272750472926,8.767388205487613,35.533210165598206,0.270336056416396,0.07454411216920093,0.2691797369866759,26.91797369866759,0.7341593424479167,0.8917928059895833,0.9615926106770833
lod_val,best,2,lod-0205-0206,205,206,491520,68.12649801976416,-51.683883015022076,0.26672483719207224,16.46740345051806,43.70154731643071,0.31641675583154505,0.10150196403096788,0.31637070365630743,31.63707036563074,0.5872456868489583,0.90169677734375,0.97396240234375
lod_val,best,3,lod-0217-0218,217,218,491520,73.95660045997872,-11.148493832757994,0.2771669483073104,19.823086215870035,62.78597824277095,0.33604089814060123,0.10735500721075332,0.3325211654482664,33.252116544826634,0.617413330078125,0.8264790852864583,0.9335042317708333
lod_val,best,4,lod-0245-0246,245,246,491520,69.7264097969385,-7.183331607762738,0.14025174864303658,7.464299365481264,27.293094650653195,0.21219931369909872,0.043233206435455744,0.2115037060133186,21.15037060133186,0.9116170247395833,0.9793233235677083,0.9863667805989583
lod_val,best,5,lod-0261-0262,261,262,491520,63.344549013092326,-22.277501662443157,0.1284333152898024,3.7498134104673686,23.78141572355787,0.1726345971179534,0.05363232821540045,0.17228790672378363,17.228790672378363,0.8332967122395833,0.9819193522135417,0.99842529296875
lod_val,best,6,lod-0263-0264,263,264,487573,68.12916106066203,11.099423851773507,39.19780110812331,1446.4136010605541,62.997549561573486,0.7905205711704679,0.1875909817326307,0.7656997966338205,76.56997966338204,0.5813119266243209,0.6499416497632149,0.8034960918672691
lod_val,best,7,lod-0355-0356,355,356,491520,68.72479783045574,26.211652336599045,0.38234118524537775,23.99252248625447,52.71779719739478,0.406443499887666,0.10809850473260467,0.40016545458973973,40.01654545897397,0.829931640625,0.8468424479166666,0.853594970703125
lod_val,best,8,lod-0375-0376,375,376,491520,67.42588554467119,-14.087235420615848,0.08998302991636224,4.381847988425476,24.475557958937973,0.5785055938870344,0.044699801141899094,0.5784058935269564,57.84058935269564,0.910943603515625,0.9642171223958333,0.9814534505208333
lod_val,best,9,lod-0385-0386,385,386,491520,78.07501226603011,-64.68864060015767,0.10886751625024085,1.5000893877460837,12.029797862067245,3.0662437333990877,0.2907402025446032,3.035730632489047,303.5730632489047,0.8919331868489583,0.921728515625,0.937530517578125
lod_val,best,10,lod-0459-0460,459,460,491520,80.43895500179899,-36.94584137244854,0.14268052971089074,5.632758100650672,28.44769054044872,1.0150019607429401,0.08265120583547222,1.0139257222235831,101.39257222235831,0.8389912923177083,0.9442708333333333,0.9734130859375
lod_val,best,11,lod-0521-0522,521,522,491520,63.36890972088576,82.57364675476245,0.16304847357144708,15.416328344688534,58.55383405798743,0.2557534221274685,0.05758059038582898,0.2547249415822439,25.47249415822439,0.8218953450520833,0.9369974772135417,0.9731282552083333
lod_val,best,12,lod-0543-0544,543,544,491520,38.98662354951167,168.96520993787996,0.09164200875271503,3.487598602515747,30.51165543685367,0.11924144851709766,0.039769482797902836,0.11921051055692454,11.921051055692454,0.9423095703125,0.998455810546875,0.9997802734375
lod_val,best,13,lod-0569-0570,569,570,491520,66.94728127724562,-18.654977494732933,0.1258410093524307,5.325246771716751,22.643756181482278,0.22259584589461173,0.044729772221814484,0.22178532652201882,22.17853265220188,0.871258544921875,0.9448649088541666,0.9698954264322917
lod_val,best,14,lod-0585-0586,585,586,491520,77.14913525397375,-66.77147226368992,0.371016843592631,15.052117597161658,42.58084937065646,5.018866144290884,0.7954024145422394,4.88532983475492,488.53298347549196,0.5225362141927083,0.7101908365885417,0.760784912109375
lod_val,best,15,lod-0645-0646,645,646,491520,90.52384794114832,-22.18080110000222,0.14849285294573916,4.691092173457069,21.821990691690978,0.23787832703985629,0.0502996822174405,0.23765132347999363,23.765132347999362,0.877020263671875,0.9536661783854167,0.9742045084635417
lod_val,best,16,lod-0653-0654,653,654,491451,72.63367052563407,-17.88862360458094,2.496451664962757,259.18308269389115,28.538377102029138,0.24936490701144814,0.04546089705975186,0.2491872385507208,24.91872385507208,0.9245153636883433,0.9663649071830152,0.9789643321511199
lod_val,best,17,lod-0713-0714,713,714,491520,70.13593900846091,-26.253123166263084,0.18736224093439302,8.03318762583741,31.857801839062777,0.6186678499128981,0.07844899934190772,0.6186617383420367,61.86617383420368,0.8099080403645833,0.9124898274739583,0.9571736653645834
lod_val,best,18,lod-0745-0746,745,746,491520,79.39759298655629,17.63535720861254,0.07132489866446065,2.6198437985646543,23.67558758488639,0.1357649710833343,0.031136682157935767,0.13575257954584852,13.575257954584853,0.9396138509114583,0.9819905598958333,0.9917724609375
lod_val,best,19,lod-0759-0760,759,760,491520,-10.34363413611766,212.96888093096024,0.10109823796788946,2.868429145535047,22.531799892388513,0.12468764915845496,0.043165128276146054,0.12456917049140472,12.456917049140472,0.94154052734375,1.0,1.0
lod_val,best,20,lod-0767-0768,767,768,491501,81.42318255643504,-52.826783122647804,0.4069151938288056,55.47986349270105,25.852176454745628,1.297720123091304,0.09852354719725155,1.2960928755963932,129.6092875596393,0.8820714505158688,0.9427976748775689,0.9644232666871482
lod_val,best,21,lod-0793-0794,793,794,479806,55.18136777798295,22.743547696449674,23.256563539496092,672.1756965262397,33.254681112722295,0.5294334757680524,0.08822159807677654,0.5251067210758161,52.51067210758161,0.8548809310429631,0.9045489218559167,0.9227083446226183
lod_val,best,22,lod-0827-0828,827,828,491520,79.43232078252308,20.087483956135088,0.13636608813474976,5.587189139204939,38.41145364990332,0.167270942344349,0.059762878815410675,0.1668033199465769,16.680331994657692,0.8291971842447917,0.9949239095052084,0.9987019856770833
lod_val,best,23,lod-0837-0838,837,838,470433,77.3332647533967,-30.43125258068424,0.38359328146070043,22.649957029197793,36.75245747752182,3.5032684198500137,0.42183859164074483,3.4562095487007216,345.6209548700722,0.7118186861891066,0.8652624284435828,0.8908006028488648
lod_val,best,24,lod-0839-0840,839,840,491516,76.25689192409634,29.42271778986746,0.08798561009401067,4.514601135444585,20.85119317009793,0.12462244461972902,0.029661214441943314,0.12461701287987091,12.461701287987092,0.9873106877497375,0.9974894001416027,0.9977091284922566
lod_val,best,25,lod-0899-0900,899,900,491520,50.84020806749111,-20.276596633952217,0.28295033668480934,10.258333087418066,44.621612100984244,0.9948798550696467,0.16949722619866903,0.9841059022607642,98.41059022607642,0.61744384765625,0.7565022786458333,0.8362752278645833
lod_val,best,26,lod-0913-0914,913,914,491199,68.71528485118631,24.24306277107156,0.11786975935497247,6.274983389046984,23.983779012415283,0.19050441478828936,0.033180595203036234,0.19012183334728203,19.012183334728203,0.9247738696536434,0.9718790144116742,0.9848696760376141
lod_val,best,27,lod-0939-0940,939,940,491341,62.98310988442616,3.9200760516006787,0.11800800312002244,7.546168380671163,31.69169643715358,0.20817677513634286,0.04266981184108261,0.2077108514217512,20.77108514217512,0.9065903313584659,0.9571519576017471,0.9748260373142075
lod_val,best,28,lod-1023-1024,1023,1024,491520,46.25002628303321,50.31485813342736,0.23475168415563205,14.488102585354607,57.02881466818433,0.2533387590007541,0.09706096604286289,0.2528072794734291,25.280727947342914,0.4998697916666667,0.9637451171875,1.0
lod_val,best,29,lod-1133-1134,1133,1134,478953,66.69555463056031,-1.5470260273053709,16.21920910251738,1800.0532041732877,18.6782351938896,0.4241234483626404,0.05756558064503237,0.4233254969298788,42.33254969298788,0.8984514138130464,0.9507070631147524,0.9667629182821696
lod_val,best,30,lod-1143-1144,1143,1144,491506,31.128790331307375,116.46813750668049,0.12937692361338052,8.8012611940505,26.71324728621907,0.1438919400297964,0.04198887437009948,0.14375606009722355,14.375606009722356,0.8967133666730416,0.9960264981505821,0.9991129304627003
lod_val,best,31,lod-1171-1172,1171,1172,490615,60.26368520874992,-3.4890929120361025,0.1237579681076973,3.6739276624478863,23.78176377787139,2.462714658668938,0.21549139195071157,2.446286415616858,244.6286415616858,0.8967744565494329,0.936887376048429,0.9482934684019038
lod_val,best,32,lod-1253-1254,1253,1254,491520,58.06051288102865,102.86497762928849,0.06791840563867789,4.418016974518751,26.086049711925355,0.1266137680379735,0.02596865281378601,0.12658470800821334,12.658470800821334,0.9614969889322916,0.9892557779947917,0.995684814453125
lod_val,best,33,lod-1273-1274,1273,1274,487743,62.54956488571423,-3.524355299828061,18.417964642267222,921.162971061777,19.14649371884577,0.6285715009885993,0.06461374171436135,0.627329331411091,62.7329331411091,0.8688428127107923,0.9162837805975688,0.9435194354403856
lod_val,best,34,lod-1307-1308,1307,1308,480407,66.7416159567222,-19.879559150513785,56.72786997890631,1988.3368621254288,23.17633370089672,0.681444527823239,0.0738496908153132,0.6778106816830048,67.78106816830048,0.8974806778419132,0.9178550687229786,0.9292350028205251
lod_val,best,35,lod-1311-1312,1311,1312,491520,61.38841697792576,-4.3756918357336225,0.07074076186419741,1.0778976430212805,11.00595154512315,0.1265689842698221,0.030480139060856278,0.12650420169841858,12.650420169841858,0.92589111328125,0.9857381184895834,0.9954935709635416
lod_val,best,36,lod-1333-1334,1333,1334,487900,70.06632417044229,16.720438534131148,4.036450389536011,70.4698475659822,18.412982784407486,0.2483774909804482,0.028517411806476094,0.24803687436558042,24.803687436558043,0.9616827218692355,0.9804878048780488,0.9884074605451937
lod_val,best,37,lod-1339-1340,1339,1340,486222,68.15724840126646,-23.194812458886812,17.28631779022184,1244.306688700123,22.460318608255413,0.54634790775769,0.07961518190173973,0.5403238124322916,54.03238124322915,0.8863050211631723,0.9163530239273419,0.9308834236213088
lod_val,best,38,lod-1401-1402,1401,1402,491520,66.45581571786965,59.15917525119005,0.3052019705249215,17.19971342088159,16.060890045122115,0.38965853176194715,0.0397084372397551,0.38791200880359855,38.79120088035985,0.9506144205729167,0.9579142252604167,0.97205810546875
lod_val,best,39,lod-1575-1576,1575,1576,491520,47.167523830098915,127.11940677448824,0.11591896507393969,5.821573662726459,38.026470320466935,0.14813371356874305,0.04832893008593153,0.14792485832115596,14.792485832115595,0.8962788899739583,0.9784077962239583,0.9996866861979167
lod_val,best,40,lod-1629-1630,1629,1630,491520,58.57844787696063,86.37889233474796,0.03225412786527483,0.9880368958273922,14.180422613400685,0.08029065838059674,0.013841717929605191,0.08027329439016294,8.027329439016293,0.9696675618489583,0.9892354329427083,0.9990743001302084
lod_val,best,41,lod-1717-1718,1717,1718,491520,66.12325098494674,-6.704469833850519,0.18974600536108618,4.667539912259593,17.203395866496205,0.2912674906295047,0.04643198216601781,0.28964990625060383,28.964990625060384,0.888104248046875,0.9656453450520833,0.9753702799479167
lod_val,best,42,lod-1729-1730,1729,1730,491520,55.168601348851944,52.319062379952925,0.058688186025731844,2.1661079888126546,19.611621226090204,0.10154633927815929,0.024146636091180562,0.10138523608487816,10.138523608487816,0.9678548177083334,0.990826416015625,0.9955485026041667
lod_val,best,43,lod-1741-1742,1741,1742,491520,77.12826256099669,-21.470419540172603,0.09110065442999002,2.8349790039071237,17.650715081006982,0.15080629585108815,0.038637075030253806,0.15078857699387926,15.078857699387926,0.8971964518229166,0.9807535807291666,0.9931437174479166
lod_val,best,44,lod-1763-1764,1763,1764,491520,66.95620805173346,18.099403148010648,0.13820698569734932,5.898173815840985,24.658685873041538,0.22631443069603108,0.0496185111672558,0.22512325956745352,22.512325956745354,0.8492838541666666,0.9187723795572916,0.9669901529947916
lod_val,best,45,lod-1791-1792,1791,1792,491520,53.044562705326214,-17.30024128877614,0.3187645228639325,12.13878878585851,43.890548143313495,0.390544534934256,0.10315267780013483,0.38439177847406075,38.43917784740608,0.71500244140625,0.8519978841145833,0.9082295735677083
lod_val,best,46,lod-1797-1798,1797,1798,491520,70.6819431018576,-83.42168709054853,0.7440007942355424,34.591497917780245,43.10209713381981,6.042460669449825,1.1960628014751054,5.825289418289564,582.5289418289564,0.18601888020833332,0.333734130859375,0.47356770833333334
lod_val,best,47,lod-1799-1800,1799,1800,491520,64.95398767390576,-9.265537520231021,0.20361481053759953,6.9338701777816905,15.959648168538084,0.30509142366500763,0.055507531980793605,0.30210490824507497,30.210490824507495,0.8641337076822917,0.9388773600260417,0.957818603515625
lod_val,best,48,lod-1805-1806,1805,1806,491462,65.41360650323455,18.682055121073027,0.17605571548952478,8.893175039135986,15.324389391526017,0.19359287651060714,0.02112492012533813,0.1935514230230649,19.35514230230649,0.9721565451652416,0.9885606618619548,0.9911061282459275
lod_val,best,49,lod-1829-1830,1829,1830,491520,63.110250045205355,5.933960049877934,0.09176247380642273,2.596383450219891,19.262040620564136,0.15846973093269606,0.03860365671914077,0.15846072504871656,15.846072504871655,0.8992106119791666,0.9733968098958333,0.9905721028645833
lod_val,best,50,lod-1867-1868,1867,1868,480270,65.55419007430883,-20.228046769172604,0.4712792863205037,15.23308557939561,33.10454173543658,3.910481349958911,0.5366124292113728,3.831317485921433,383.1317485921433,0.6932579590646928,0.7679513606929436,0.8146584213046828
lod_val,best,51,lod-1877-1878,1877,1878,491520,68.04471719600811,19.092327040440708,0.3961278775333373,12.766716493159162,25.0386318662885,0.42482579684704264,0.06388907739685291,0.4203602716283163,42.03602716283163,0.88536376953125,0.9333353678385417,0.9525166829427083
lod_val,best,52,lod-1905-1906,1905,1906,491520,62.00925900614777,15.11355106346778,0.14018962573939622,7.437888343049863,33.070974708135,0.2015458898013207,0.05499017777984018,0.20145834750850128,20.145834750850128,0.861944580078125,0.960833740234375,0.9818522135416666
lod_val,best,53,lod-1907-1908,1907,1908,462906,58.264307571033726,56.88717724885093,42.67372732788469,2953.372296938241,39.17363100251454,0.6957897310732721,0.12303116922252796,0.6909581840356834,69.09581840356834,0.7349742712343327,0.8618704445394961,0.9265293601724757
lod_val,best,54,lod-2005-2006,2005,2006,483898,41.885366937915315,-19.166262922517053,0.33538972165335107,6.541849462764582,32.958603590089844,4.579526371170789,0.6817438349986709,4.467448060547951,446.74480605479505,0.6944955341828236,0.7748988423180092,0.8292615385887109
lod_val,best,55,lod-2007-2008,2007,2008,491365,29.12481410515444,2.3072431571056358,0.3764598546668657,8.828458350357234,55.69963947094054,0.4540092801230177,0.11544167016712203,0.4358817397274705,43.58817397274705,0.6661341365380115,0.8151109663895475,0.8742157052293101
lod_val,best,56,lod-2021-2022,2021,2022,491520,201.64334082553503,-409.5042166774706,0.2279812095060247,9.882081280662618,40.87745315956119,0.43416862365217135,0.09179830147469902,0.43316040760780705,43.31604076078071,0.6913859049479166,0.8531636555989583,0.9442423502604167
lod_val,best,57,lod-2059-2060,2059,2060,471844,68.93410122909143,-8.248582670911123,3.7161908942455093,255.96800024834275,12.39662357042932,1.7916502427992649,0.1306861034176351,1.7850102340003553,178.50102340003554,0.9343151550088589,0.9646514525987403,0.969038495774027
lod_val,best,58,lod-2153-2154,2153,2154,478855,61.589215151907965,-24.91026201385621,0.492335560977101,7.343798335703305,13.522299894964018,1.334726734671972,0.1064422729867863,1.3325370087382578,133.25370087382578,0.8349876267346065,0.9181902663645571,0.9460838876068957
lod_val,best,59,lod-2167-2168,2167,2168,477883,82.47208988574535,-24.832095478383163,0.4484718675194267,13.686857359761614,19.066373340651346,0.42666744020491626,0.07372281407094236,0.4215426948814102,42.15426948814102,0.7995534471826786,0.8942942100890804,0.9528461987557624
lod_val,best,60,lod-2169-2170,2169,2170,491520,67.89593152707086,34.19691767454337,0.06620837767340053,1.7162095330970026,11.962294860740078,0.13951535349786662,0.025305380709230597,0.13882091054921444,13.882091054921444,0.9203776041666667,0.9655985514322917,0.9948954264322917
lod_val,best,61,lod-2185-2186,2185,2186,491031,76.21148486599445,-28.268824718081465,0.3768699834656152,8.198181515864977,21.482574327064683,0.31332034409391235,0.05121264016523464,0.3120569443821108,31.20569443821108,0.8944547289275016,0.9401931853589692,0.9634483362557558
lod_val,best,62,lod-2187-2188,2187,2188,491492,64.60469892771985,-3.0521276665311214,0.1557415141394749,5.14929402949843,20.289900842464323,0.25505116193958466,0.047264025550975676,0.25345352703576385,25.345352703576385,0.9162081987092364,0.9534844921178778,0.9672629462941411
lod_val,best,63,lod-2193-2194,2193,2194,488113,67.75852934555819,4.343285332838792,21.728050642586382,651.1099032777058,16.094422700095592,0.5359027224006238,0.0760717376057911,0.5299442566722831,52.994425667228306,0.8921888988820211,0.9212231593913704,0.9348695896237141
lod_val,best,64,lod-2211-2212,2211,2212,488999,59.3508145908618,-29.278325506241977,13.115356918177529,339.908656363799,14.880636357856947,0.41152164424139676,0.07421487916337427,0.41122830267530913,41.122830267530915,0.8010629878588709,0.8891879124497187,0.9288301203069945
lod_val,best,65,lod-2253-2254,2253,2254,483511,34.98264994829801,47.52192717806314,6.906711093637267,359.30208943143737,88.07608722976566,0.6552283601815633,0.17767688617164107,0.6358283897944518,63.58283897944518,0.5268049744473239,0.7185338079175034,0.7802635307159507
lod_val,best,66,lod-2277-2278,2277,2278,491520,76.65205004842636,-27.18902552448183,0.22413929203545027,6.675894750994048,19.245401002540888,0.3175953215794131,0.07339512253028307,0.3139970605368261,31.399706053682607,0.791973876953125,0.8681925455729167,0.922210693359375
lod_val,best,67,lod-2279-2280,2279,2280,466792,70.79389649070396,1.7619100549417401,10.526106133160292,272.3916242594002,13.893676942529908,0.14938180062930395,0.020961618574182918,0.14921687195379646,14.921687195379645,0.9673730483812919,0.9888601347066788,0.9960153558758504
lod_val,best,68,lod-2371-2372,2371,2372,491520,61.78005884025139,31.490658935503106,0.11962922357219827,6.454104127310582,33.47138899425003,0.18611849411485293,0.045621883201695614,0.1849564825814667,18.495648258146673,0.8940938313802084,0.9588704427083333,0.9801249186197917
lod_val,best,69,lod-2401-2402,2401,2402,491520,58.49832310296097,43.36096488342954,0.08002209120074015,2.3150676886466894,21.48161725663041,0.11774736083947293,0.033846699688092535,0.11738728648389896,11.738728648389895,0.9366129557291667,0.989593505859375,0.9994893391927083
lod_val,best,70,lod-2405-2406,2405,2406,489208,70.25142831673175,-40.88027484143224,0.7165575384259025,38.609375789849935,18.718274866197167,3.1251186246570866,0.3240076588949378,3.094232612225361,309.4232612225361,0.8006676096874948,0.8883153995846348,0.9294349233863715
lod_val,best,71,lod-2577-2578,2577,2578,491520,47.674796788424665,86.1961189872419,0.18323120041901422,8.884139143336503,38.38536874722711,0.23388612474168285,0.07141274694282632,0.2323979184101763,23.239791841017627,0.7347330729166667,0.9201090494791667,0.9789347330729167
lod_val,best,72,lod-2585-2586,2585,2586,484286,55.91344138927898,-11.022019516550762,3.605807495564603,120.38099114394045,22.292081956205298,0.6376055223092134,0.07752470730955538,0.637369727468485,63.736972746848494,0.8232697207848255,0.9169602259821675,0.9470767273883615
lod_val,best,73,lod-2657-2658,2657,2658,491439,69.65307204341012,37.62296689071257,0.10276999624980579,4.237831021525444,14.965026863274977,0.195928126762554,0.031129545845746672,0.19579036347865272,19.579036347865273,0.9503559953524242,0.973960145613189,0.9811207494724676
lod_val,best,74,lod-2757-2758,2757,2758,480937,60.96897696006793,73.32130056612853,0.337328642088739,25.584270247021983,28.811384156772483,0.20195031289432486,0.041333790445265625,0.20172387916301285,20.172387916301286,0.9217194767713859,0.9824675581209181,0.9833574875711372
lod_val,best,75,lod-2787-2788,2787,2788,491520,59.14270145067717,23.871261484603888,0.0833531840667769,2.951252041432938,20.609018507666637,0.13861871267090106,0.03383769843286551,0.13840346132370998,13.840346132370998,0.9291341145833333,0.9763916015625,0.99307861328125
lod_val,best,76,lod-2817-2818,2817,2818,491520,63.614705627299315,24.69681434441463,0.07282188702500753,1.7889213390122682,17.29322205550274,0.128191885119652,0.02921455592142834,0.12805906529572042,12.805906529572042,0.9370808919270833,0.984381103515625,0.9926411946614583
lod_val,best,77,lod-2911-2912,2911,2912,491520,68.4219433688931,-35.123985955903855,0.16367729310678872,6.1066025928091845,23.350561134162536,0.26115553744083336,0.06498928950343895,0.26113023794596163,26.113023794596163,0.8027364095052083,0.912713623046875,0.9568400065104167
lod_val,best,78,lod-2941-2942,2941,2942,491520,-27.79770965128225,291.1760858557459,0.6105769334719642,73.56000880435073,101.99089917718949,0.6077121921199026,0.1955086141302282,0.6026871614803574,60.268716148035736,0.3444600423177083,0.583514404296875,0.783929443359375
lod_val,best,79,lod-2963-2964,2963,2964,491520,72.61188907073661,-23.815631311024692,0.06866639355552794,1.4249662125413354,14.018552207536874,0.13171265161710335,0.02884872597950151,0.13166431473114476,13.166431473114477,0.9264851888020833,0.9859842936197917,0.9951883951822916
lod_val,best,80,lod-2965-2966,2965,2966,491520,71.41373722215137,-19.179544941313896,0.14803889155446404,4.127339792146951,17.531645964233643,0.2129825122633898,0.05370938990293872,0.20989793276921362,20.98979327692136,0.8228902180989583,0.9323506673177083,0.986181640625
lod_val,best,81,lod-2989-2990,2989,2990,491520,57.11530815411721,57.13539162377714,0.19450018452727105,8.410646845288353,33.886161221876215,0.23579305814452187,0.07779925418188079,0.2345574989113669,23.45574989113669,0.6850484212239584,0.935205078125,0.9866414388020833
lod_val,best,82,lod-3033-3034,3033,3034,491520,87.80083131200894,-48.129152503159645,0.23061258121155573,8.438116699660544,30.174483668147886,0.3138552223138068,0.1016817693580974,0.3113410536988657,31.134105369886573,0.5732930501302084,0.8100179036458334,0.9819010416666667
lod_val,best,83,lod-3101-3102,3101,3102,472340,69.32992300509888,-7.1988774918062735,1.8891033002681061,40.842205033201765,12.150518604014808,0.8232739587912328,0.08304248553947505,0.8229215669364555,82.29215669364555,0.8185057373925562,0.8977537367150781,0.9453508066223483
lod_val,best,84,lod-3109-3110,3109,3110,465914,70.13558782124473,-13.48582091329866,2.265427051874091,78.53788129693018,13.049606435746856,0.8194827536878798,0.07515922069804006,0.8194441199985311,81.9444119998531,0.8516786359714453,0.9300128349867143,0.9608532905214267
lod_val,best,85,lod-3113-3114,3113,3114,458356,70.45995277806122,-8.080326934665747,2.003316072783765,29.844456319774686,14.424753341128307,0.36671109400418117,0.05127028167260057,0.36594024556188964,36.59402455618896,0.859205508382131,0.9301809074169423,0.9669667245547129
lod_val,best,86,lod-3127-3128,3127,3128,482942,72.3933679659349,7.880574944774177,0.4967741761025151,14.645338612351987,12.598792717568159,0.24238326207788527,0.033477747471843074,0.24167449308424127,24.16744930842413,0.9245830762286155,0.9700046796509726,0.9802647108762543
lod_val,best,87,lod-3153-3154,3153,3154,490340,64.37175369910393,34.10592528551348,0.5559505308955736,38.80466418898245,14.944485374612828,0.2558677397942322,0.03859758521073726,0.254431625013119,25.4431625013119,0.9225516988212261,0.9513949504425501,0.9651486723497981
lod_val,best,88,lod-3241-3242,3241,3242,491509,79.89411820325707,-3.642669613012987,0.08876574614458074,1.690176199041715,13.491733901848216,0.46259037471614645,0.03319561788993794,0.4625845522378404,46.25845522378404,0.9535695175469828,0.9832943038682913,0.9883135405455444
lod_val,best,89,lod-3271-3272,3271,3272,491482,74.30789899068303,-9.019430906277783,0.09630553507481157,2.729183543406214,13.252484926503762,0.5291696546640082,0.04774927176927076,0.5288282822789059,52.882828227890585,0.8964438168640968,0.9576912277560521,0.9755311486483736
lod_val,best,90,lod-3287-3288,3287,3288,491520,31.706480417904878,19.384741927548163,0.348690470648447,26.25373516943709,68.04564491057202,0.38006752092434876,0.1350946881212186,0.37383449425031523,37.38344942503152,0.4192891438802083,0.6655293782552083,0.929632568359375
lod_val,best,91,lod-3437-3438,3437,3438,486547,69.72587564677625,6.131895859873747,0.10697230036004077,3.4340915639902687,13.182288229191002,0.12181314577332603,0.02721528981973289,0.12127896794548539,12.127896794548539,0.9759653229801026,0.9905106803659256,0.997841935105961
lod_val,best,92,lod-3457-3458,3457,3458,491520,65.27840183816107,3.514260475255033,0.30244712789257516,14.975215297830498,33.853382674332096,0.3822601027929041,0.0902499669340149,0.3792382720331933,37.923827203319334,0.752789306640625,0.8568013509114584,0.9230936686197917
lod_val,best,93,lod-3459-3460,3459,3460,491520,70.93410104725827,-34.295532449130754,0.1687784714663896,4.184967748167273,16.715635253601462,3.194929357006368,0.3113771137288275,3.1702879103460977,317.02879103460975,0.7932230631510416,0.8687052408854167,0.9334309895833334
lod_val,best,94,lod-3463-3464,3463,3464,491520,66.86049599981796,21.576554177958535,0.2497376042780343,13.577227536014512,24.26807116792839,0.3583536778501733,0.05875801461472465,0.3557574336470648,35.57574336470648,0.8812581380208333,0.9305013020833334,0.9507161458333333
lod_val,best,95,lod-3509-3510,3509,3510,491520,62.89714850278927,-75.99545145695878,0.6945912575221944,78.34701319260041,86.12493453562891,2.1574001084281242,0.3236209700405899,2.1497984747070427,214.97984747070427,0.35287679036458336,0.6045084635416667,0.7680440266927083
lod_val,best,96,lod-3561-3562,3561,3562,400173,74.12028605725719,-18.62697369570817,0.7300243037476064,27.269299714772345,14.338755764887207,0.8570937697819478,0.05007819372871974,0.856870693605522,85.6870693605522,0.9507987795278542,0.9755680668111042,0.9810881793624258
lod_val,best,97,lod-3679-3680,3679,3680,491520,53.621581604677246,116.06765950076698,0.08461440745949037,5.651352653137277,32.13154065083322,0.14340196297686958,0.03254711443997539,0.14318524452358147,14.318524452358147,0.9422993977864583,0.97679443359375,0.9871988932291667
lod_val,best,98,lod-3715-3716,3715,3716,445202,71.05284124414892,-26.397762789670416,1.6327656586658263,51.21475695976234,28.366598141929334,0.3402535304343943,0.06673485545363002,0.34023399906326524,34.023399906326524,0.875577827592868,0.9391714322936555,0.9676012237141792
lod_val,best,99,lod-3759-3760,3759,3760,491520,58.08208145903621,68.83254627562364,0.06698611318114063,2.540431623703003,21.437505109875797,0.10974254828753217,0.02778035423028572,0.10973211824195256,10.973211824195255,0.9496622721354167,0.988983154296875,0.9975545247395833
lod_val,best,100,lod-3763-3764,3763,3764,491503,136.33507646621436,-225.05393488700773,0.3610385614664597,34.40225166700313,50.241372598410074,0.36944980933504507,0.08905772073655836,0.36785956086944815,36.785956086944815,0.6676378374089273,0.9290075543791187,0.9686960201667131
lod_val,best,101,lod-3787-3788,3787,3788,491505,76.36381075930602,3.0488031720422293,0.15071726548807987,4.588559122432017,23.15946905700999,0.216457926598747,0.06259413973246176,0.21637240843100844,21.637240843100845,0.7583625802382479,0.9676992095706046,0.9879268776512955
lod_val,best,102,lod-3835-3836,3835,3836,491520,97.57613903817605,-147.38593902503376,0.616297934318041,43.58070407141247,61.05053702959975,1.963033673098605,0.2647587646277519,1.9617128059703164,196.17128059703163,0.45224202473958336,0.6657389322916667,0.799993896484375
lod_val,best,103,lod-4043-4044,4043,4044,491520,52.78748613411409,55.312492174441545,0.1865479112271176,13.870350806439841,47.04759530793579,0.2954414729048778,0.07049593174618929,0.29372691878203305,29.372691878203305,0.800750732421875,0.8594340006510417,0.9156229654947917
lod_val,best,104,lod-4089-4090,4089,4090,491520,64.09085329613033,30.304395925513933,0.06563548270859496,3.8491461152130975,31.02217506767401,0.116979893744236,0.02718924143678895,0.11693216982709101,11.693216982709101,0.9475484212239583,0.9852518717447917,0.9956563313802084
lod_val,best,105,lod-4139-4140,4139,4140,491520,85.10372603574925,-65.5955157179774,0.1821781786895997,6.46774776835984,18.79622815448097,4.40998100489074,0.5497956021808995,4.3305972504900625,433.05972504900626,0.8692342122395833,0.8963297526041667,0.901904296875
lod_val,best,106,lod-4175-4176,4175,4176,491520,65.7071299367879,-40.25299268540829,0.34547910554108213,11.28180792653535,22.380902306682277,4.390613847300301,0.6133241554233614,4.314453807841177,431.44538078411773,0.6827494303385416,0.7547281901041667,0.79638671875
lod_val,best,107,lod-4397-4398,4397,4398,491520,77.0027858729537,17.56191145374276,0.349913982995405,40.631507709788806,36.66135596603487,0.39445161272934937,0.06899491724826742,0.3926711244526664,39.26711244526664,0.863189697265625,0.9436767578125,0.9620951334635417
lod_val,best,108,lod-4409-4410,4409,4410,491520,71.50736798527343,-47.16963021833193,0.15451841826592844,3.4900441845110537,19.36109406214531,0.20668850501928945,0.063585987787877,0.20417624748035454,20.417624748035454,0.7492390950520833,0.961712646484375,0.9939778645833334
lod_val,best,109,lod-4411-4412,4411,4412,491520,57.89729994652036,-4.601376614232024,0.1966316082018211,7.413151312753286,31.10606232331685,0.25268661161387135,0.07894225775155193,0.2514977514158682,25.149775141586822,0.752325439453125,0.9326619466145833,0.971539306640625
lod_val,best,110,lod-4449-4450,4449,4450,491520,67.68105069537172,24.07772298357542,0.030531368687775683,0.6130718699775486,9.07169873909538,0.0628867084322675,0.012545322240902178,0.0627620899935077,6.27620899935077,0.99051513671875,0.9969136555989583,0.9983968098958333
lod_val,best,111,lod-4459-4460,4459,4460,489811,63.80263722199628,16.35191030233264,1.3470723367534934,104.49688623139313,16.36087813541058,0.25224926622203464,0.031400475058283556,0.25167867979123487,25.167867979123486,0.9593190026357105,0.97933284470949,0.9857026485726127
lod_train_proxy,last,0,lod-0031-0032,31,32,491473,67.27529346450747,-17.343959858689026,0.32408305908031454,11.722831058753508,21.888497914904125,0.2596414574729149,0.05512866211236706,0.2593500394664256,25.93500394664256,0.8695777794507531,0.9549212265984093,0.9782816146563493
lod_train_proxy,last,1,lod-0185-0186,185,186,491520,68.02808679525883,-22.118645552705082,0.10468417694247652,2.579713614192684,16.334064858403853,0.17612021480391096,0.04268355222406359,0.1758613517545384,17.58613517545384,0.8636739095052083,0.952032470703125,0.9900349934895833
lod_train_proxy,last,2,lod-0275-0276,275,276,491520,57.80658923688715,49.354518935822405,0.22755863188514408,15.345355134804375,72.79185092831234,0.2609957789424436,0.09866372571502195,0.2609924507496858,26.09924507496858,0.5467244466145833,0.9532633463541667,0.9962422688802083
lod_train_proxy,last,3,lod-0293-0294,293,294,491520,86.62227055978775,-28.75711994431624,0.2718728721250439,15.286988851901533,49.70548254204713,0.3505979177698352,0.11500383767098571,0.35038197871523474,35.03819787152347,0.5077677408854167,0.8642740885416667,0.9355305989583333
lod_train_proxy,last,4,lod-0331-0332,331,332,491520,65.06532885959645,-12.965202994839403,0.14836086603980794,5.818993554617287,26.700163658379072,0.22501129311520268,0.05948342041544336,0.22463450080203023,22.463450080203025,0.8849222819010417,0.9521769205729167,0.972314453125
lod_train_proxy,last,5,lod-0363-0364,363,364,490982,65.63552312091106,-14.04134507536346,0.12841902140477698,5.469991120210403,25.228333229026077,0.983323529176066,0.06829967053782436,0.982253546898551,98.22535468985511,0.9082980638801422,0.9556277012191893,0.9762822262323262
lod_train_proxy,last,6,lod-0377-0378,377,378,491520,58.600247942348,-8.784118902425298,0.21688595133134134,16.137765295852137,60.499653819863845,0.26416969624994374,0.08747025916160742,0.2635407835780604,26.35407835780604,0.646270751953125,0.9120503743489583,0.9804423014322917
lod_train_proxy,last,7,lod-0395-0396,395,396,491520,55.00561010497788,39.965469776165655,0.06659441673273626,1.8046090391387275,18.98822429320284,0.09909144024927538,0.028511609540912655,0.09902026087720714,9.902026087720714,0.944439697265625,0.9986226399739583,1.0
lod_train_proxy,last,8,lod-0399-0400,399,400,491520,70.32502007992446,-8.140512570517295,0.2801508093162147,16.65516610986566,29.86143735988581,1.200464631126762,0.12928315549084415,1.1990630458521538,119.90630458521538,0.7709920247395833,0.825738525390625,0.8692423502604166
lod_train_proxy,last,9,lod-0427-0428,427,428,491520,165.52671248010472,-390.06423628750184,0.5769602106855412,38.64954984841854,53.39527001656745,0.6002019093903617,0.18243914663406968,0.592522327556882,59.2522327556882,0.43277180989583336,0.64278564453125,0.7564208984375
lod_train_proxy,last,10,lod-0545-0546,545,546,491520,50.982809926169686,102.7086956650915,0.27695950649980566,24.2948724430871,63.85142700042094,0.36059241468396197,0.10161329106809487,0.3579524653371152,35.79524653371152,0.6685465494791667,0.8299357096354166,0.90960693359375
lod_train_proxy,last,11,lod-0567-0568,567,568,491520,71.10325361145468,-26.237145634116235,0.11278804455176718,2.9231535193339426,22.030217408218704,0.16443080099762497,0.048767623484623844,0.1643141988410997,16.43141988410997,0.9111673990885417,0.991522216796875,0.9957112630208333
lod_train_proxy,last,12,lod-0619-0620,619,620,491520,64.34955664449424,4.228020623585282,0.0851616340221533,2.9530609478917014,24.63292275816332,0.165325517713377,0.038377317629614986,0.16528319095555022,16.528319095555023,0.908624267578125,0.9677083333333333,0.9858113606770833
lod_train_proxy,last,13,lod-0671-0672,671,672,491520,39.36558002686986,247.17817615968673,0.04771876594207782,3.611971678691137,31.002958086024677,0.10445458568681289,0.01944272669591324,0.10438802841402336,10.438802841402337,0.9421549479166667,0.9906229654947917,0.9958211263020833
lod_train_proxy,last,14,lod-0705-0706,705,706,491520,61.27820066535736,68.65309960367948,0.09981004775488807,6.379958030742145,38.740334908087526,0.16689938456911396,0.04165985034511852,0.16664437683402092,16.66443768340209,0.8724324544270833,0.9643941243489583,0.9921244303385417
lod_train_proxy,last,15,lod-0711-0712,711,712,491513,75.89977776572246,9.744023759723476,0.20708822592079104,15.529655570247636,38.141335966190326,0.2879296487129232,0.06063578221697985,0.2875439530898375,28.75439530898375,0.8256139715531431,0.9262745848024365,0.9638178440855074
lod_train_proxy,last,16,lod-0783-0784,783,784,480195,88.33868215356787,-90.7007005891489,2.587695424343929,257.94676058016427,47.6631876363227,4.315689787903832,0.6750024875936066,4.234363325813875,423.4363325813875,0.4351440560605587,0.6147211028852861,0.7411405783067295
lod_train_proxy,last,17,lod-0833-0834,833,834,491520,64.14658860947218,38.66770219483779,0.05753718134375722,1.9866365072155014,25.14834592326942,0.08586328093424463,0.024586576519717164,0.08584861372185972,8.584861372185971,0.9825052897135417,0.9971700032552083,0.9991068522135417
lod_train_proxy,last,18,lod-0851-0852,851,852,491520,66.29953506933819,40.54715740865858,0.04509027814096377,1.7860200180681811,18.774981769181963,0.09626465882617595,0.01865769124752122,0.09620857817612513,9.620857817612514,0.9597371419270834,0.9901997884114583,0.997003173828125
lod_train_proxy,last,19,lod-0861-0862,861,862,491520,55.205633283407266,53.02001009164098,0.10396690748546748,5.805413945224555,50.073843424969354,0.145944646451292,0.04406631796712674,0.145092264831894,14.5092264831894,0.912237548828125,0.9769694010416666,0.9974568684895834
lod_train_proxy,last,20,lod-0893-0894,893,894,491520,75.65189777491078,-15.099604576600248,0.16491496512694243,7.999326642111778,25.52914774044139,0.24402902154805878,0.05539995951754683,0.24214052723285695,24.214052723285697,0.8665018717447917,0.9405131022135417,0.9691182454427083
lod_train_proxy,last,21,lod-0983-0984,983,984,471564,59.898795437043454,32.19001026863162,188.89762776785733,8005.8750433518035,39.17383660446827,1.3403606917941102,0.26827424565805363,1.2992403707115028,129.92403707115028,0.7117570467635358,0.797539676480817,0.8201983187859972
lod_train_proxy,last,22,lod-1001-1002,1001,1002,490630,71.98631767389472,-5.787772598727385,2.293403534613611,251.22476407934033,32.50249273492281,0.46839923417882207,0.07557789166390737,0.4662647425435878,46.62647425435878,0.8753235635815176,0.9185781546175326,0.9365040865825571
lod_train_proxy,last,23,lod-1065-1066,1065,1066,485183,63.30199339233805,-7.494447855910134,13.201656248566248,1622.1769470011875,15.197759240294534,3.8996068266480584,0.5052749073606744,3.8266410638555777,382.6641063855578,0.859298450275463,0.8870920869032921,0.8971377810022197
lod_train_proxy,last,24,lod-1195-1196,1195,1196,491456,70.90262431674739,-52.84632784710814,0.2663851571984535,7.598517509946643,15.614740022751297,1.3157888518064553,0.10992386828276128,1.3115024432346003,131.15024432346004,0.8476832107045188,0.9159131234535747,0.9393536756088032
lod_train_proxy,last,25,lod-1237-1238,1237,1238,484449,69.51263493990207,-9.938730591380088,5.547800132635762,400.0430886944514,19.617977042002334,1.237916601749798,0.10325743606788577,1.2368252110729805,123.68252110729804,0.8206931999033954,0.8966124401123751,0.9460355992065212
lod_train_proxy,last,26,lod-1281-1282,1281,1282,484821,66.56425672313905,4.134490030524471,1.288511377264566,60.42325639302886,22.919382590645064,0.22613673672390922,0.03077995309258643,0.22585590089861945,22.585590089861945,0.9522297920263355,0.9765439203334839,0.9853265431984176
lod_train_proxy,last,27,lod-1385-1386,1385,1386,491520,56.04650527713417,66.14477805260194,0.07379635934133631,2.066132225724074,24.30943421902471,0.09129158990280874,0.03229699785790114,0.09128193718246716,9.128193718246717,0.9847981770833333,0.998956298828125,0.99990234375
lod_train_proxy,last,28,lod-1429-1430,1429,1430,478983,65.36999797032816,-8.613414879210136,18.024541716781766,249.23481753017708,18.59314612518881,0.47556647566260607,0.04504070808049839,0.47507413553800243,47.50741355380024,0.9098652770557619,0.9613806753058042,0.9706816317071796
lod_train_proxy,last,29,lod-1453-1454,1453,1454,491520,72.26576077465883,0.8973719455701304,0.11035243243651367,4.27156433583738,31.305188957383763,0.191473926768532,0.04870205674635077,0.1914264679969777,19.142646799697772,0.9226338704427083,0.96763916015625,0.9843037923177084
lod_train_proxy,last,30,lod-1531-1532,1531,1532,491520,58.04714028113459,-12.277596647095676,0.4013737845173112,20.303958157309445,40.90995725090941,0.48114298555210633,0.13771065371505212,0.4805364212462445,48.05364212462445,0.55264892578125,0.7583455403645833,0.8607869466145833
lod_train_proxy,last,31,lod-1579-1580,1579,1580,491520,46.1450722326046,133.72412231977032,0.09667618696822457,3.365123066094825,28.48657777284669,0.12188241614882425,0.04181883293211474,0.1217891112055845,12.17891112055845,0.9210652669270833,0.999822998046875,1.0
lod_train_proxy,last,32,lod-1583-1584,1583,1584,491520,30.419238947833918,166.58770731067693,0.0812905053269448,2.281475680905671,23.886747264825633,0.0969274627024163,0.035175037162895814,0.0968776219016416,9.687762190164161,0.9879740397135417,1.0,1.0
lod_train_proxy,last,33,lod-1597-1598,1597,1598,491520,67.567124056423,-32.67024865314017,0.36460908524649327,25.866801458957863,49.904952232273295,0.9671100694785524,0.1363263518170143,0.9662871773220003,96.62871773220003,0.6679728190104167,0.81595458984375,0.909674072265625
lod_train_proxy,last,34,lod-1617-1618,1617,1618,491520,70.83968602832144,-33.15686873526814,0.25977845561060847,12.367259973169405,36.18948972291571,0.3411467980814145,0.08797499955245748,0.33976430452561335,33.97643045256133,0.68570556640625,0.8612040201822917,0.9431355794270834
lod_train_proxy,last,35,lod-1709-1710,1709,1710,491520,63.07257213296065,30.541975309525633,0.0697186827696075,2.7037517710797223,21.68190867052134,0.11889469996747577,0.02893224501886634,0.11889158406970211,11.88915840697021,0.94805908203125,0.9870808919270834,0.99532470703125
lod_train_proxy,last,36,lod-1721-1722,1721,1722,445630,72.76646451709792,-14.762112122699826,7.825743323683283,171.934295510874,26.53166368375986,2.2182633352452608,0.23328435406383813,2.210947872161036,221.09478721610358,0.7786235217557166,0.8606399928191549,0.8960976594933017
lod_train_proxy,last,37,lod-1793-1794,1793,1794,486953,68.00383753872197,-8.026460406241107,0.1477416068417942,3.641732135034068,21.146220528237517,0.18715565582163735,0.04583701303824591,0.18635161362376998,18.635161362376998,0.8820276289498166,0.9561518257408826,0.9912660975494555
lod_train_proxy,last,38,lod-1841-1842,1841,1842,491520,49.204169691475826,83.04402644165974,0.17196262624756137,10.368968056211857,42.07783912342669,0.2658395063183206,0.06304259510777155,0.26370629530271,26.370629530271,0.7793802897135417,0.867803955078125,0.9489644368489584
lod_train_proxy,last,39,lod-1865-1866,1865,1866,488037,71.81564304620657,-7.751576858225765,0.9203108679674628,26.276305518320356,19.683812399408453,0.3134630283492598,0.054192498481948355,0.3134070317228964,31.34070317228964,0.8720445376067798,0.9502004970934581,0.9745224235047752
lod_train_proxy,last,40,lod-1913-1914,1913,1914,475736,62.149827217402695,-3.4798324154740756,1.5121873665562668,25.763305267387288,14.507207253288003,0.49030000693788056,0.07615845415158796,0.48351442856745047,48.351442856745045,0.843848268787731,0.8804526039652244,0.9023323860292263
lod_train_proxy,last,41,lod-1933-1934,1933,1934,477006,56.1469298958506,0.41627153239719417,1.4529395404076013,28.442740466043006,12.73033820621327,0.3846934977769504,0.05723547677984036,0.38219400982572316,38.21940098257232,0.8747793528802573,0.9333761000909842,0.9525477666947586
lod_train_proxy,last,42,lod-1937-1938,1937,1938,491520,74.14139154088303,-3.734672743302906,0.12401575854525464,2.3235182826355802,9.07298379944117,0.21649889680669324,0.0404282655331674,0.21288591739044116,21.288591739044115,0.8768452962239583,0.937713623046875,0.9720357259114584
lod_train_proxy,last,43,lod-1943-1944,1943,1944,491060,38.53297389388123,0.6349931244745023,0.3859392466183046,5.569862155319345,7.953598167785287,0.23442049298560058,0.039101470212005496,0.23315936075837856,23.315936075837858,0.8906264000325825,0.9546694904899605,0.9796929092167963
lod_train_proxy,last,44,lod-2037-2038,2037,2038,491520,35.176239670172706,146.05742407080467,0.22822938167205006,15.703814276260562,55.3886137759427,0.26519155030397207,0.09133491327458386,0.2642550592346846,26.425505923468464,0.6367960611979167,0.9348876953125,0.9743001302083333
lod_train_proxy,last,45,lod-2039-2040,2039,2040,491520,58.39255884671247,60.028217295984035,0.06622290273255735,2.690439757037332,27.705868666521372,0.11544663956408455,0.030022454303351417,0.11543730016253585,11.543730016253585,0.949951171875,0.979705810546875,0.997686767578125
lod_train_proxy,last,46,lod-2065-2066,2065,2066,487265,66.29650162599353,-41.30080777034826,1.5255819860718027,32.78258496573467,21.1479836866186,1.3612611567642703,0.14884664063078423,1.3612214335389357,136.12214335389356,0.7171990600597211,0.8201902455542672,0.8836752075359404
lod_train_proxy,last,47,lod-2097-2098,2097,2098,491520,49.78043656504072,87.66911935289338,0.09606905284387562,3.3516098026924803,25.2878524857622,0.1309311025493368,0.0403773600665768,0.13078238821151894,13.078238821151894,0.8973225911458333,0.9942708333333333,0.9998799641927083
lod_train_proxy,last,48,lod-2111-2112,2111,2112,489613,58.43129937474228,-12.490543336065585,6.422065540209322,191.56078876270686,21.608019900956393,0.5087134166669107,0.10291174396203749,0.503133463220249,50.3133463220249,0.7507888883669347,0.8687922910543634,0.9292992628872191
lod_train_proxy,last,49,lod-2145-2146,2145,2146,490986,56.57658314874919,-2.441119925725529,1.0872356179086615,34.41296919058551,13.179061941312765,0.3186813432563853,0.04283386309832237,0.3176984820000021,31.76984820000021,0.908107359476645,0.9480616555258194,0.9735369236597378
lod_train_proxy,last,50,lod-2173-2174,2173,2174,481969,73.82355690614017,6.2335028552102525,0.13081058684780553,2.7716203935369705,12.515061549133298,0.20302338470237669,0.032149777406456664,0.20182533332009067,20.18253333200907,0.9432266390576988,0.9660289354709535,0.974763937099689
lod_train_proxy,last,51,lod-2205-2206,2205,2206,487280,67.57722096900433,-20.743170640329925,3.1335576264412297,81.99242192518513,17.28397171254664,0.4489814866748398,0.060999736263745746,0.4472376409329034,44.72376409329034,0.8564706123789197,0.9316573633229355,0.9584181579379413
lod_train_proxy,last,52,lod-2255-2256,2255,2256,491520,70.7417893892138,3.473062623075353,0.11780318458639183,9.001994222329849,35.97986261636777,0.2615341203002487,0.04731592854458153,0.2615328986149805,26.153289861498052,0.8920003255208333,0.9440511067708334,0.9625895182291667
lod_train_proxy,last,53,lod-2355-2356,2355,2356,491520,64.49445224401406,-14.02268268396496,0.16444965480996168,10.193679394618131,36.450476088583976,0.2545190790561299,0.06152477049977389,0.2539897499041627,25.398974990416267,0.83330078125,0.9292521158854167,0.9628092447916666
lod_train_proxy,last,54,lod-2393-2394,2393,2394,491520,48.411325689740735,63.823882923438056,0.09156458591318434,2.582541791084662,23.049400317084555,0.12181919947884604,0.03804427406473399,0.12128676682197792,12.128676682197792,0.928839111328125,0.9940205891927083,0.9997762044270834
lod_train_proxy,last,55,lod-2403-2404,2403,2404,491520,56.66440398199335,59.11435175890499,0.09072430961865201,3.1694957625424807,22.06067912478823,0.13865557812164814,0.036429045786780946,0.13842363640697355,13.842363640697355,0.9261454264322917,0.9833455403645833,0.9939412434895833
lod_train_proxy,last,56,lod-2495-2496,2495,2496,491520,54.365486126266575,84.7767872223174,0.10214556455220238,4.029540252934257,29.23433277765634,0.13756605809444092,0.04344691569893504,0.13745066382359444,13.745066382359445,0.8902058919270833,0.993145751953125,0.9999491373697916
lod_train_proxy,last,57,lod-2733-2734,2733,2734,491520,56.14569554187309,-25.063409350679365,0.211660638053954,6.849451493852738,27.249237467797418,0.27241446240776895,0.09082459749920879,0.2719932403886377,27.19932403886377,0.6092814127604167,0.9136800130208333,0.974102783203125
lod_train_proxy,last,58,lod-2767-2768,2767,2768,486745,79.48577967572567,-23.220204771148044,5.481955336571418,142.81017367789127,16.26218873425143,1.6608654311759579,0.11901024804058147,1.6574520045710188,165.74520045710187,0.8564977554982588,0.9425510277455341,0.958510102825915
lod_train_proxy,last,59,lod-2781-2782,2781,2782,491520,54.20756975600066,62.46082576339971,0.10886114633944945,5.306172226935355,32.11386816306569,0.15713075612412464,0.043739065511919493,0.15705354985277953,15.705354985277953,0.9310302734375,0.9765665690104167,0.99072265625
lod_train_proxy,last,60,lod-2783-2784,2783,2784,490016,62.68695374986674,12.540483481503083,10.329898117066152,1310.3594756447337,26.634536201100662,0.35662651108391197,0.05415319044842525,0.3559834794859112,35.59834794859112,0.8984522954352511,0.9659909064193822,0.9799741232939333
lod_train_proxy,last,61,lod-2835-2836,2835,2836,491520,62.4258954161775,45.96497638655028,0.07523343071540936,2.0428347669430686,14.201085191629751,0.15152759567116691,0.027941398416444527,0.15092075229198582,15.092075229198581,0.9343851725260417,0.9571207682291667,0.9868326822916667
lod_train_proxy,last,62,lod-2945-2946,2945,2946,491520,66.11671222374358,45.45983923896747,0.06737469119047991,1.4428462447366712,17.05758195185331,0.09024923692881194,0.029466101076459215,0.08997049518662913,8.997049518662912,0.983538818359375,0.9991902669270833,1.0
lod_train_proxy,last,63,lod-2953-2954,2953,2954,491520,50.297515265290414,4.286134672004936,0.18511812169616154,6.809301531288501,30.479172672960157,0.2633353871827873,0.08233614992106002,0.2633163185400583,26.33163185400583,0.6643330891927083,0.9048136393229167,0.9791910807291667
lod_train_proxy,last,64,lod-2971-2972,2971,2972,491518,57.98727587433015,-8.141486321253852,0.2027468663058658,8.153785891199453,26.58497486039673,0.9882036092055803,0.09501301849444876,0.9864519631816786,98.64519631816786,0.8076387843375014,0.9059525795596499,0.9391538051505743
lod_train_proxy,last,65,lod-2973-2974,2973,2974,491520,65.41419379152276,33.43551540858714,0.09223483803484028,3.5113817779647145,27.034329958053366,0.17045459598503407,0.03806690471645832,0.16976686299176133,16.976686299176134,0.8980021158854167,0.9634562174479167,0.9829630533854167
lod_train_proxy,last,66,lod-2985-2986,2985,2986,491520,51.93977971432539,20.391311701140864,0.18688213575317242,11.474816198896375,40.45056366264329,0.2497832514854075,0.07067611363875417,0.24931804626472598,24.931804626472598,0.7766621907552084,0.9495869954427083,0.9734517415364583
lod_train_proxy,last,67,lod-3021-3022,3021,3022,485609,70.05583148734402,-10.28383197878792,2.1318254225144115,64.08130138723197,24.521416316114895,0.3890754026854773,0.06109728794657324,0.38696722911615977,38.69672291161598,0.8779388355652387,0.9378512342234184,0.9529930458455259
lod_train_proxy,last,68,lod-3037-3038,3037,3038,491520,73.09417694494067,-13.753270905067724,0.168538705219932,7.979141301615579,21.93386624706878,0.2643549557256083,0.05506215032756084,0.26390406664380117,26.390406664380116,0.8268330891927084,0.9339253743489583,0.971783447265625
lod_train_proxy,last,69,lod-3067-3068,3067,3068,491520,63.85125622032062,4.576027293700182,0.07944271698481575,1.8838185848775904,19.757664887427147,0.11557957223513252,0.033122204567799886,0.11542447467872868,11.542447467872869,0.9448689778645833,0.991082763671875,0.9977579752604167
lod_train_proxy,last,70,lod-3095-3096,3095,3096,491397,65.6081776111321,6.62601208723604,0.2329926274705378,6.470674101370162,13.435692901910045,0.20283240643250797,0.03827607965111448,0.20210065854191225,20.210065854191225,0.9008235703514673,0.9650913619741268,0.9839417009057849
lod_train_proxy,last,71,lod-3145-3146,3145,3146,476931,71.79338020763949,-17.178908154115305,0.18778960482509802,3.9338935211772843,13.703166492685627,1.1814506583048658,0.08188152473200402,1.1803313352447062,118.03313352447063,0.8959115679207265,0.9481497323512206,0.9640451134440831
lod_train_proxy,last,72,lod-3161-3162,3161,3162,491520,64.44384759989872,28.042258219914334,0.059613538388420956,1.5450136327415918,17.012354378068814,0.0964555758657763,0.024231092881107513,0.09597262948911832,9.597262948911832,0.9540201822916666,0.9959370930989583,0.9982401529947916
lod_train_proxy,last,73,lod-3249-3250,3249,3250,491520,-2.2004269410979482,219.2877982162374,0.15701924986706206,8.036382420830915,38.91586672974437,0.19305577645482147,0.06476484337508112,0.19265048178576677,19.265048178576677,0.7721476236979167,0.9689778645833333,0.9960245768229167
lod_train_proxy,last,74,lod-3253-3254,3253,3254,491520,62.469141410469085,11.41088818844498,0.08373665460630471,3.024161006206285,20.875525607456765,0.16411144694415633,0.032423435239632946,0.16310018046701685,16.310018046701686,0.8881368001302083,0.9727701822916667,0.9939188639322917
lod_train_proxy,last,75,lod-3259-3260,3259,3260,491520,71.37271707734466,-33.21366107804306,0.0639949763586324,1.1210093264529593,11.149758551104435,0.1192753945429895,0.026705006498238475,0.1191765566353935,11.91765566353935,0.94215087890625,0.9862040201822917,0.994818115234375
lod_train_proxy,last,76,lod-3285-3286,3285,3286,491520,81.44154505735072,-81.59269955930534,0.2901305618348676,13.41381689506028,45.244548914929624,0.7448861019488602,0.1332767598565916,0.7448710750035573,74.48710750035573,0.469183349609375,0.80224609375,0.9607747395833334
lod_train_proxy,last,77,lod-3291-3292,3291,3292,491495,61.6011758317936,45.30209416677303,0.17270298062705589,9.55535620887119,33.711760146712855,0.27722074656308116,0.06314184703253067,0.2761809313371585,27.61809313371585,0.8122300328589304,0.8896184091394622,0.9533260765623252
lod_train_proxy,last,78,lod-3309-3310,3309,3310,490436,65.66961435269972,16.232890799206558,144.82364887857952,13475.719592228721,39.231285718448184,0.5949501710214377,0.10309529593916611,0.5896537000483217,58.965370004832174,0.7724596073697689,0.883348693815299,0.9233192506259736
lod_train_proxy,last,79,lod-3357-3358,3357,3358,491520,64.49629945206235,3.1433414370995694,0.2013051905657912,15.106052581529315,55.95572723098761,0.29495662203964806,0.07489688265445518,0.29282191105325756,29.282191105325754,0.7719014485677084,0.9108642578125,0.9383402506510417
lod_train_proxy,last,80,lod-3361-3362,3361,3362,491520,68.56020367258105,-8.454808186841571,0.10701315564522788,2.291299912626706,12.879459659047209,0.4018889649565274,0.04581909747717383,0.40173874409695837,40.173874409695834,0.8388590494791667,0.9594828287760416,0.988116455078125
lod_train_proxy,last,81,lod-3383-3384,3383,3384,483164,104.1455631962151,-148.54063184749623,2.184855253888759,119.71197352878364,58.75417217603927,5.82359161925821,1.2701007561770588,5.6887691107857155,568.8769110785715,0.19425288307903735,0.2806334909057794,0.3805540147858698
lod_train_proxy,last,82,lod-3399-3400,3399,3400,491520,38.197293783462825,40.298305208442635,0.14294089730821685,3.9489863032633115,23.270992332474762,0.17187792484254408,0.05962719664481461,0.17101608763484308,17.101608763484307,0.828326416015625,0.9889607747395833,0.998626708984375
lod_train_proxy,last,83,lod-3487-3488,3487,3488,491520,62.704180336305825,69.36369342484784,0.19080305245961637,12.45377957007986,58.078267209536726,0.24013697091337213,0.08029647922474921,0.23902043881553034,23.902043881553034,0.72554931640625,0.951788330078125,0.9700174967447917
lod_train_proxy,last,84,lod-3495-3496,3495,3496,491520,78.0902127331809,-23.633677007265636,0.2501633787570483,11.130508248106832,31.742593381897425,0.3356615026081347,0.06880533872413927,0.3338873791289459,33.38873791289459,0.8743143717447917,0.9304931640625,0.9525919596354167
lod_train_proxy,last,85,lod-3497-3498,3497,3498,491520,81.77438414363924,-7.223576437997119,0.1963070122535221,11.06727015886648,31.822741490392794,0.425746445927797,0.08957340875219973,0.42475466125783273,42.47546612578327,0.7721089680989583,0.8333211263020833,0.8917439778645834
lod_train_proxy,last,86,lod-3515-3516,3515,3516,491520,83.27731262055049,-106.67977914585325,0.2814484976913644,12.190318498527946,32.38884748866269,0.31749299357741123,0.10601344677468609,0.3154612036742484,31.54612036742484,0.5762674967447917,0.7909871419270833,0.9773946126302083
lod_train_proxy,last,87,lod-3539-3540,3539,3540,412349,59.33979688042045,-33.09603964532326,0.403716949469677,9.996883984339624,13.360865240372775,3.8471064424602086,0.47457459807049956,3.792897963683693,379.28979636836925,0.7516351440163551,0.801127200502487,0.843106203725485
lod_train_proxy,last,88,lod-3557-3558,3557,3558,359520,66.5627620416035,-27.022804644236203,0.4493631213805174,11.713253596792086,9.684984231839417,2.638993596189446,0.22651214897937622,2.6190597563467524,261.90597563467526,0.929378059635069,0.9469904316866934,0.9544698486871384
lod_train_proxy,last,89,lod-3571-3572,3571,3572,362010,61.750844352015086,17.222090472022597,2.643481990833642,105.2767385726701,23.953425468457592,0.3117030427698291,0.057412338845258794,0.3111022147000254,31.110221470002543,0.8474517278528217,0.9802049667136267,0.9859672384740753
lod_train_proxy,last,90,lod-3577-3578,3577,3578,341036,75.65232537072339,-31.875606917752087,0.7067855420261836,45.38722712663244,11.783165832344359,1.4889501172585242,0.09255043197343404,1.4851677207578087,148.51677207578086,0.9536911059243013,0.9628719548669349,0.9667513107120655
lod_train_proxy,last,91,lod-3589-3590,3589,3590,446696,80.76705866253758,-35.68727608413322,0.32010597679718583,4.904918392743383,12.485127420073878,3.107771899727056,0.3600876187579333,3.070901709542427,307.0901709542427,0.6901203503053531,0.7743498934398338,0.8433162598277129
lod_train_proxy,last,92,lod-3595-3596,3595,3596,378575,84.92772218854705,-33.59389056419918,0.09686197792847774,4.115698018956143,18.8943602645834,0.8898736469529601,0.053886138352083626,0.8893924967653042,88.93924967653042,0.9271003103744304,0.9741768473882322,0.9863620154526844
lod_train_proxy,last,93,lod-3649-3650,3649,3650,478905,82.75840135313344,-19.55960598000009,32.34199888142128,2188.69218172904,28.801944616312586,0.7201914999620639,0.09670237377245308,0.7143750201202994,71.43750201202994,0.8360489032271536,0.9089234816926113,0.9272005930194924
lod_train_proxy,last,94,lod-3675-3676,3675,3676,405651,48.547951706056125,-21.099619467776105,0.317804012187151,18.336298836548572,20.338195232085567,0.4493982519601663,0.051827897971356056,0.44935496666954017,44.935496666954016,0.9315322777461413,0.9618489785554578,0.9732454745581793
lod_train_proxy,last,95,lod-3685-3686,3685,3686,486467,52.38304980733314,-20.622074153016456,0.3102859466447813,13.12696380401163,49.6462966065058,0.3386169425287802,0.11274687813960424,0.33821153123034897,33.8211531230349,0.4830440708208368,0.8851597333426522,0.9642175111569746
lod_train_proxy,last,96,lod-3703-3704,3703,3704,465318,82.75568946581056,-14.220816611352099,0.2551517388190785,19.70753998207374,76.07535311389937,0.2779754844958408,0.10238074292221111,0.27685218557031266,27.685218557031266,0.486662884307076,0.9176863994085765,0.9957899758874577
lod_train_proxy,last,97,lod-3705-3706,3705,3706,380330,64.13842746573316,-35.93767889230202,0.20999065454290874,11.63561430806743,27.079055357101197,0.3081732767224625,0.058339438238869036,0.3077156566798182,30.77156566798182,0.8621749533300029,0.9634028343806694,0.9738385086635291
lod_train_proxy,last,98,lod-3731-3732,3731,3732,320218,70.56823669756092,-38.163858274391835,0.15304420828138865,9.438211302590863,8.194898600280572,0.6722171328493819,0.031205554337297582,0.6720075236430999,67.20075236430999,0.9695769756853144,0.9867590204173406,0.9914683122123054
lod_train_proxy,last,99,lod-3829-3830,3829,3830,491520,64.8178114106013,-47.84150175046495,0.25762538615813685,10.80215857211828,32.26508351836616,0.31579853786691986,0.0987144760931072,0.31242810307341823,31.242810307341824,0.613348388671875,0.8292093912760417,0.957843017578125
lod_train_proxy,last,100,lod-3875-3876,3875,3876,491520,-35.84944545078533,259.8489760920492,0.4524221139633783,36.37576973901761,70.22307831323123,0.5126491489659952,0.1650217717629535,0.5077923833388235,50.77923833388235,0.398193359375,0.6945658365885417,0.8295613606770833
lod_train_proxy,last,101,lod-3961-3962,3961,3962,491231,68.407328024565,-1.7943030387295458,0.07360636755088434,1.3486294644998642,11.173266335377004,0.11151372066170427,0.026406525373816565,0.11128252607914778,11.128252607914778,0.9440181910343606,0.9954278129841154,0.9980111190051116
lod_train_proxy,last,102,lod-3969-3970,3969,3970,491520,79.38403131428359,-65.65501876687381,0.21939146104532709,6.407432542054727,17.279172037050778,0.3105662077974194,0.07458238839610536,0.3067684184653533,30.67684184653533,0.7260843912760416,0.8944905598958334,0.9362711588541667
lod_train_proxy,last,103,lod-3979-3980,3979,3980,491520,70.37419752304884,-37.66186990085727,0.13078744153894264,2.2203070539864114,10.454557193792155,0.24819232051991308,0.04632484727060497,0.2477456478568527,24.77456478568527,0.8646464029947917,0.9309529622395833,0.9678995768229167
lod_train_proxy,last,104,lod-4019-4020,4019,4020,491520,64.10535915054686,9.163126750603181,0.07327306242050695,1.9620376546910852,12.927513187238057,0.14412526079618265,0.026309448230107044,0.14387336463883893,14.387336463883893,0.94779052734375,0.99212646484375,0.99456787109375
lod_train_proxy,last,105,lod-4135-4136,4135,4136,491510,74.79491593859011,-40.093179385710876,1.1665793983197683,129.69381495301354,31.74224733355631,4.791191031569089,0.7008164866937506,4.6987192684286105,469.87192684286106,0.7917010844133385,0.8238326788875099,0.8516856218591686
lod_train_proxy,last,106,lod-4149-4150,4149,4150,491520,65.44281968598631,11.70542841763433,0.06740796835241863,1.9799613392109832,17.039733009995935,0.14279209814972466,0.027509527132323065,0.14278583664449784,14.278583664449783,0.9552714029947916,0.9783650716145833,0.9868672688802084
lod_train_proxy,last,107,lod-4197-4198,4197,4198,491520,58.110103527030724,41.03791709676434,0.1577588612203177,7.575822700748187,20.634517873815163,0.24626593465989238,0.04813468746895885,0.24625201893201648,24.62520189320165,0.826385498046875,0.954302978515625,0.9888346354166667
lod_train_proxy,last,108,lod-4219-4220,4219,4220,491520,61.72198707028047,85.79110043865856,0.07830615882740848,4.815475113570745,22.320860349801688,0.15727914929765546,0.027316816001743,0.15706121801397133,15.706121801397133,0.9432210286458333,0.9783671061197917,0.9880411783854167
lod_train_proxy,last,109,lod-4389-4390,4389,4390,491520,71.48295345660462,-32.49564587759122,0.07137642903396331,1.4180064272999928,12.376797588696443,0.12281972900165897,0.029286650725112117,0.12264489367664087,12.264489367664087,0.9300516764322917,0.9887898763020834,0.9956644694010417
lod_train_proxy,last,110,lod-4413-4414,4413,4414,491520,62.45687708960956,-22.209405893729304,0.13664990650465073,4.5444440150777865,20.605066344732197,0.203032338743173,0.05526523156451437,0.20294532312107172,20.294532312107172,0.838323974609375,0.958575439453125,0.982562255859375
lod_train_proxy,last,111,lod-4427-4428,4427,4428,491486,60.03539415407304,-12.840382462404154,0.268224538379887,7.5904368216209255,27.765985590369976,0.27989573586094096,0.06478534124743966,0.2790175594615131,27.901755946151308,0.8276960076177144,0.9184880139007011,0.9571076287015297
lod_val,last,0,lod-0053-0054,53,54,491520,59.214022666096014,34.94219754590702,0.15060048123838954,11.534025552560125,36.81875323258573,0.23342126560716686,0.05470006700831974,0.23305048792780336,23.305048792780337,0.8454020182291667,0.941241455078125,0.9730428059895834
lod_val,last,1,lod-0095-0096,95,96,491520,53.40583541587371,6.12205780091159,0.18477272750472926,8.767388205487613,35.533210165598206,0.270336056416396,0.07454411216920093,0.2691797369866759,26.91797369866759,0.7341593424479167,0.8917928059895833,0.9615926106770833
lod_val,last,2,lod-0205-0206,205,206,491520,68.12649801976416,-51.683883015022076,0.26672483719207224,16.46740345051806,43.70154731643071,0.31641675583154505,0.10150196403096788,0.31637070365630743,31.63707036563074,0.5872456868489583,0.90169677734375,0.97396240234375
lod_val,last,3,lod-0217-0218,217,218,491520,73.95660045997872,-11.148493832757994,0.2771669483073104,19.823086215870035,62.78597824277095,0.33604089814060123,0.10735500721075332,0.3325211654482664,33.252116544826634,0.617413330078125,0.8264790852864583,0.9335042317708333
lod_val,last,4,lod-0245-0246,245,246,491520,69.7264097969385,-7.183331607762738,0.14025174864303658,7.464299365481264,27.293094650653195,0.21219931369909872,0.043233206435455744,0.2115037060133186,21.15037060133186,0.9116170247395833,0.9793233235677083,0.9863667805989583
lod_val,last,5,lod-0261-0262,261,262,491520,63.344549013092326,-22.277501662443157,0.1284333152898024,3.7498134104673686,23.78141572355787,0.1726345971179534,0.05363232821540045,0.17228790672378363,17.228790672378363,0.8332967122395833,0.9819193522135417,0.99842529296875
lod_val,last,6,lod-0263-0264,263,264,487573,68.12916106066203,11.099423851773507,39.19780110812331,1446.4136010605541,62.997549561573486,0.7905205711704679,0.1875909817326307,0.7656997966338205,76.56997966338204,0.5813119266243209,0.6499416497632149,0.8034960918672691
lod_val,last,7,lod-0355-0356,355,356,491520,68.72479783045574,26.211652336599045,0.38234118524537775,23.99252248625447,52.71779719739478,0.406443499887666,0.10809850473260467,0.40016545458973973,40.01654545897397,0.829931640625,0.8468424479166666,0.853594970703125
lod_val,last,8,lod-0375-0376,375,376,491520,67.42588554467119,-14.087235420615848,0.08998302991636224,4.381847988425476,24.475557958937973,0.5785055938870344,0.044699801141899094,0.5784058935269564,57.84058935269564,0.910943603515625,0.9642171223958333,0.9814534505208333
lod_val,last,9,lod-0385-0386,385,386,491520,78.07501226603011,-64.68864060015767,0.10886751625024085,1.5000893877460837,12.029797862067245,3.0662437333990877,0.2907402025446032,3.035730632489047,303.5730632489047,0.8919331868489583,0.921728515625,0.937530517578125
lod_val,last,10,lod-0459-0460,459,460,491520,80.43895500179899,-36.94584137244854,0.14268052971089074,5.632758100650672,28.44769054044872,1.0150019607429401,0.08265120583547222,1.0139257222235831,101.39257222235831,0.8389912923177083,0.9442708333333333,0.9734130859375
lod_val,last,11,lod-0521-0522,521,522,491520,63.36890972088576,82.57364675476245,0.16304847357144708,15.416328344688534,58.55383405798743,0.2557534221274685,0.05758059038582898,0.2547249415822439,25.47249415822439,0.8218953450520833,0.9369974772135417,0.9731282552083333
lod_val,last,12,lod-0543-0544,543,544,491520,38.98662354951167,168.96520993787996,0.09164200875271503,3.487598602515747,30.51165543685367,0.11924144851709766,0.039769482797902836,0.11921051055692454,11.921051055692454,0.9423095703125,0.998455810546875,0.9997802734375
lod_val,last,13,lod-0569-0570,569,570,491520,66.94728127724562,-18.654977494732933,0.1258410093524307,5.325246771716751,22.643756181482278,0.22259584589461173,0.044729772221814484,0.22178532652201882,22.17853265220188,0.871258544921875,0.9448649088541666,0.9698954264322917
lod_val,last,14,lod-0585-0586,585,586,491520,77.14913525397375,-66.77147226368992,0.371016843592631,15.052117597161658,42.58084937065646,5.018866144290884,0.7954024145422394,4.88532983475492,488.53298347549196,0.5225362141927083,0.7101908365885417,0.760784912109375
lod_val,last,15,lod-0645-0646,645,646,491520,90.52384794114832,-22.18080110000222,0.14849285294573916,4.691092173457069,21.821990691690978,0.23787832703985629,0.0502996822174405,0.23765132347999363,23.765132347999362,0.877020263671875,0.9536661783854167,0.9742045084635417
lod_val,last,16,lod-0653-0654,653,654,491451,72.63367052563407,-17.88862360458094,2.496451664962757,259.18308269389115,28.538377102029138,0.24936490701144814,0.04546089705975186,0.2491872385507208,24.91872385507208,0.9245153636883433,0.9663649071830152,0.9789643321511199
lod_val,last,17,lod-0713-0714,713,714,491520,70.13593900846091,-26.253123166263084,0.18736224093439302,8.03318762583741,31.857801839062777,0.6186678499128981,0.07844899934190772,0.6186617383420367,61.86617383420368,0.8099080403645833,0.9124898274739583,0.9571736653645834
lod_val,last,18,lod-0745-0746,745,746,491520,79.39759298655629,17.63535720861254,0.07132489866446065,2.6198437985646543,23.67558758488639,0.1357649710833343,0.031136682157935767,0.13575257954584852,13.575257954584853,0.9396138509114583,0.9819905598958333,0.9917724609375
lod_val,last,19,lod-0759-0760,759,760,491520,-10.34363413611766,212.96888093096024,0.10109823796788946,2.868429145535047,22.531799892388513,0.12468764915845496,0.043165128276146054,0.12456917049140472,12.456917049140472,0.94154052734375,1.0,1.0
lod_val,last,20,lod-0767-0768,767,768,491501,81.42318255643504,-52.826783122647804,0.4069151938288056,55.47986349270105,25.852176454745628,1.297720123091304,0.09852354719725155,1.2960928755963932,129.6092875596393,0.8820714505158688,0.9427976748775689,0.9644232666871482
lod_val,last,21,lod-0793-0794,793,794,479806,55.18136777798295,22.743547696449674,23.256563539496092,672.1756965262397,33.254681112722295,0.5294334757680524,0.08822159807677654,0.5251067210758161,52.51067210758161,0.8548809310429631,0.9045489218559167,0.9227083446226183
lod_val,last,22,lod-0827-0828,827,828,491520,79.43232078252308,20.087483956135088,0.13636608813474976,5.587189139204939,38.41145364990332,0.167270942344349,0.059762878815410675,0.1668033199465769,16.680331994657692,0.8291971842447917,0.9949239095052084,0.9987019856770833
lod_val,last,23,lod-0837-0838,837,838,470433,77.3332647533967,-30.43125258068424,0.38359328146070043,22.649957029197793,36.75245747752182,3.5032684198500137,0.42183859164074483,3.4562095487007216,345.6209548700722,0.7118186861891066,0.8652624284435828,0.8908006028488648
lod_val,last,24,lod-0839-0840,839,840,491516,76.25689192409634,29.42271778986746,0.08798561009401067,4.514601135444585,20.85119317009793,0.12462244461972902,0.029661214441943314,0.12461701287987091,12.461701287987092,0.9873106877497375,0.9974894001416027,0.9977091284922566
lod_val,last,25,lod-0899-0900,899,900,491520,50.84020806749111,-20.276596633952217,0.28295033668480934,10.258333087418066,44.621612100984244,0.9948798550696467,0.16949722619866903,0.9841059022607642,98.41059022607642,0.61744384765625,0.7565022786458333,0.8362752278645833
lod_val,last,26,lod-0913-0914,913,914,491199,68.71528485118631,24.24306277107156,0.11786975935497247,6.274983389046984,23.983779012415283,0.19050441478828936,0.033180595203036234,0.19012183334728203,19.012183334728203,0.9247738696536434,0.9718790144116742,0.9848696760376141
lod_val,last,27,lod-0939-0940,939,940,491341,62.98310988442616,3.9200760516006787,0.11800800312002244,7.546168380671163,31.69169643715358,0.20817677513634286,0.04266981184108261,0.2077108514217512,20.77108514217512,0.9065903313584659,0.9571519576017471,0.9748260373142075
lod_val,last,28,lod-1023-1024,1023,1024,491520,46.25002628303321,50.31485813342736,0.23475168415563205,14.488102585354607,57.02881466818433,0.2533387590007541,0.09706096604286289,0.2528072794734291,25.280727947342914,0.4998697916666667,0.9637451171875,1.0
lod_val,last,29,lod-1133-1134,1133,1134,478953,66.69555463056031,-1.5470260273053709,16.21920910251738,1800.0532041732877,18.6782351938896,0.4241234483626404,0.05756558064503237,0.4233254969298788,42.33254969298788,0.8984514138130464,0.9507070631147524,0.9667629182821696
lod_val,last,30,lod-1143-1144,1143,1144,491506,31.128790331307375,116.46813750668049,0.12937692361338052,8.8012611940505,26.71324728621907,0.1438919400297964,0.04198887437009948,0.14375606009722355,14.375606009722356,0.8967133666730416,0.9960264981505821,0.9991129304627003
lod_val,last,31,lod-1171-1172,1171,1172,490615,60.26368520874992,-3.4890929120361025,0.1237579681076973,3.6739276624478863,23.78176377787139,2.462714658668938,0.21549139195071157,2.446286415616858,244.6286415616858,0.8967744565494329,0.936887376048429,0.9482934684019038
lod_val,last,32,lod-1253-1254,1253,1254,491520,58.06051288102865,102.86497762928849,0.06791840563867789,4.418016974518751,26.086049711925355,0.1266137680379735,0.02596865281378601,0.12658470800821334,12.658470800821334,0.9614969889322916,0.9892557779947917,0.995684814453125
lod_val,last,33,lod-1273-1274,1273,1274,487743,62.54956488571423,-3.524355299828061,18.417964642267222,921.162971061777,19.14649371884577,0.6285715009885993,0.06461374171436135,0.627329331411091,62.7329331411091,0.8688428127107923,0.9162837805975688,0.9435194354403856
lod_val,last,34,lod-1307-1308,1307,1308,480407,66.7416159567222,-19.879559150513785,56.72786997890631,1988.3368621254288,23.17633370089672,0.681444527823239,0.0738496908153132,0.6778106816830048,67.78106816830048,0.8974806778419132,0.9178550687229786,0.9292350028205251
lod_val,last,35,lod-1311-1312,1311,1312,491520,61.38841697792576,-4.3756918357336225,0.07074076186419741,1.0778976430212805,11.00595154512315,0.1265689842698221,0.030480139060856278,0.12650420169841858,12.650420169841858,0.92589111328125,0.9857381184895834,0.9954935709635416
lod_val,last,36,lod-1333-1334,1333,1334,487900,70.06632417044229,16.720438534131148,4.036450389536011,70.4698475659822,18.412982784407486,0.2483774909804482,0.028517411806476094,0.24803687436558042,24.803687436558043,0.9616827218692355,0.9804878048780488,0.9884074605451937
lod_val,last,37,lod-1339-1340,1339,1340,486222,68.15724840126646,-23.194812458886812,17.28631779022184,1244.306688700123,22.460318608255413,0.54634790775769,0.07961518190173973,0.5403238124322916,54.03238124322915,0.8863050211631723,0.9163530239273419,0.9308834236213088
lod_val,last,38,lod-1401-1402,1401,1402,491520,66.45581571786965,59.15917525119005,0.3052019705249215,17.19971342088159,16.060890045122115,0.38965853176194715,0.0397084372397551,0.38791200880359855,38.79120088035985,0.9506144205729167,0.9579142252604167,0.97205810546875
lod_val,last,39,lod-1575-1576,1575,1576,491520,47.167523830098915,127.11940677448824,0.11591896507393969,5.821573662726459,38.026470320466935,0.14813371356874305,0.04832893008593153,0.14792485832115596,14.792485832115595,0.8962788899739583,0.9784077962239583,0.9996866861979167
lod_val,last,40,lod-1629-1630,1629,1630,491520,58.57844787696063,86.37889233474796,0.03225412786527483,0.9880368958273922,14.180422613400685,0.08029065838059674,0.013841717929605191,0.08027329439016294,8.027329439016293,0.9696675618489583,0.9892354329427083,0.9990743001302084
lod_val,last,41,lod-1717-1718,1717,1718,491520,66.12325098494674,-6.704469833850519,0.18974600536108618,4.667539912259593,17.203395866496205,0.2912674906295047,0.04643198216601781,0.28964990625060383,28.964990625060384,0.888104248046875,0.9656453450520833,0.9753702799479167
lod_val,last,42,lod-1729-1730,1729,1730,491520,55.168601348851944,52.319062379952925,0.058688186025731844,2.1661079888126546,19.611621226090204,0.10154633927815929,0.024146636091180562,0.10138523608487816,10.138523608487816,0.9678548177083334,0.990826416015625,0.9955485026041667
lod_val,last,43,lod-1741-1742,1741,1742,491520,77.12826256099669,-21.470419540172603,0.09110065442999002,2.8349790039071237,17.650715081006982,0.15080629585108815,0.038637075030253806,0.15078857699387926,15.078857699387926,0.8971964518229166,0.9807535807291666,0.9931437174479166
lod_val,last,44,lod-1763-1764,1763,1764,491520,66.95620805173346,18.099403148010648,0.13820698569734932,5.898173815840985,24.658685873041538,0.22631443069603108,0.0496185111672558,0.22512325956745352,22.512325956745354,0.8492838541666666,0.9187723795572916,0.9669901529947916
lod_val,last,45,lod-1791-1792,1791,1792,491520,53.044562705326214,-17.30024128877614,0.3187645228639325,12.13878878585851,43.890548143313495,0.390544534934256,0.10315267780013483,0.38439177847406075,38.43917784740608,0.71500244140625,0.8519978841145833,0.9082295735677083
lod_val,last,46,lod-1797-1798,1797,1798,491520,70.6819431018576,-83.42168709054853,0.7440007942355424,34.591497917780245,43.10209713381981,6.042460669449825,1.1960628014751054,5.825289418289564,582.5289418289564,0.18601888020833332,0.333734130859375,0.47356770833333334
lod_val,last,47,lod-1799-1800,1799,1800,491520,64.95398767390576,-9.265537520231021,0.20361481053759953,6.9338701777816905,15.959648168538084,0.30509142366500763,0.055507531980793605,0.30210490824507497,30.210490824507495,0.8641337076822917,0.9388773600260417,0.957818603515625
lod_val,last,48,lod-1805-1806,1805,1806,491462,65.41360650323455,18.682055121073027,0.17605571548952478,8.893175039135986,15.324389391526017,0.19359287651060714,0.02112492012533813,0.1935514230230649,19.35514230230649,0.9721565451652416,0.9885606618619548,0.9911061282459275
lod_val,last,49,lod-1829-1830,1829,1830,491520,63.110250045205355,5.933960049877934,0.09176247380642273,2.596383450219891,19.262040620564136,0.15846973093269606,0.03860365671914077,0.15846072504871656,15.846072504871655,0.8992106119791666,0.9733968098958333,0.9905721028645833
lod_val,last,50,lod-1867-1868,1867,1868,480270,65.55419007430883,-20.228046769172604,0.4712792863205037,15.23308557939561,33.10454173543658,3.910481349958911,0.5366124292113728,3.831317485921433,383.1317485921433,0.6932579590646928,0.7679513606929436,0.8146584213046828
lod_val,last,51,lod-1877-1878,1877,1878,491520,68.04471719600811,19.092327040440708,0.3961278775333373,12.766716493159162,25.0386318662885,0.42482579684704264,0.06388907739685291,0.4203602716283163,42.03602716283163,0.88536376953125,0.9333353678385417,0.9525166829427083
lod_val,last,52,lod-1905-1906,1905,1906,491520,62.00925900614777,15.11355106346778,0.14018962573939622,7.437888343049863,33.070974708135,0.2015458898013207,0.05499017777984018,0.20145834750850128,20.145834750850128,0.861944580078125,0.960833740234375,0.9818522135416666
lod_val,last,53,lod-1907-1908,1907,1908,462906,58.264307571033726,56.88717724885093,42.67372732788469,2953.372296938241,39.17363100251454,0.6957897310732721,0.12303116922252796,0.6909581840356834,69.09581840356834,0.7349742712343327,0.8618704445394961,0.9265293601724757
lod_val,last,54,lod-2005-2006,2005,2006,483898,41.885366937915315,-19.166262922517053,0.33538972165335107,6.541849462764582,32.958603590089844,4.579526371170789,0.6817438349986709,4.467448060547951,446.74480605479505,0.6944955341828236,0.7748988423180092,0.8292615385887109
lod_val,last,55,lod-2007-2008,2007,2008,491365,29.12481410515444,2.3072431571056358,0.3764598546668657,8.828458350357234,55.69963947094054,0.4540092801230177,0.11544167016712203,0.4358817397274705,43.58817397274705,0.6661341365380115,0.8151109663895475,0.8742157052293101
lod_val,last,56,lod-2021-2022,2021,2022,491520,201.64334082553503,-409.5042166774706,0.2279812095060247,9.882081280662618,40.87745315956119,0.43416862365217135,0.09179830147469902,0.43316040760780705,43.31604076078071,0.6913859049479166,0.8531636555989583,0.9442423502604167
lod_val,last,57,lod-2059-2060,2059,2060,471844,68.93410122909143,-8.248582670911123,3.7161908942455093,255.96800024834275,12.39662357042932,1.7916502427992649,0.1306861034176351,1.7850102340003553,178.50102340003554,0.9343151550088589,0.9646514525987403,0.969038495774027
lod_val,last,58,lod-2153-2154,2153,2154,478855,61.589215151907965,-24.91026201385621,0.492335560977101,7.343798335703305,13.522299894964018,1.334726734671972,0.1064422729867863,1.3325370087382578,133.25370087382578,0.8349876267346065,0.9181902663645571,0.9460838876068957
lod_val,last,59,lod-2167-2168,2167,2168,477883,82.47208988574535,-24.832095478383163,0.4484718675194267,13.686857359761614,19.066373340651346,0.42666744020491626,0.07372281407094236,0.4215426948814102,42.15426948814102,0.7995534471826786,0.8942942100890804,0.9528461987557624
lod_val,last,60,lod-2169-2170,2169,2170,491520,67.89593152707086,34.19691767454337,0.06620837767340053,1.7162095330970026,11.962294860740078,0.13951535349786662,0.025305380709230597,0.13882091054921444,13.882091054921444,0.9203776041666667,0.9655985514322917,0.9948954264322917
lod_val,last,61,lod-2185-2186,2185,2186,491031,76.21148486599445,-28.268824718081465,0.3768699834656152,8.198181515864977,21.482574327064683,0.31332034409391235,0.05121264016523464,0.3120569443821108,31.20569443821108,0.8944547289275016,0.9401931853589692,0.9634483362557558
lod_val,last,62,lod-2187-2188,2187,2188,491492,64.60469892771985,-3.0521276665311214,0.1557415141394749,5.14929402949843,20.289900842464323,0.25505116193958466,0.047264025550975676,0.25345352703576385,25.345352703576385,0.9162081987092364,0.9534844921178778,0.9672629462941411
lod_val,last,63,lod-2193-2194,2193,2194,488113,67.75852934555819,4.343285332838792,21.728050642586382,651.1099032777058,16.094422700095592,0.5359027224006238,0.0760717376057911,0.5299442566722831,52.994425667228306,0.8921888988820211,0.9212231593913704,0.9348695896237141
lod_val,last,64,lod-2211-2212,2211,2212,488999,59.3508145908618,-29.278325506241977,13.115356918177529,339.908656363799,14.880636357856947,0.41152164424139676,0.07421487916337427,0.41122830267530913,41.122830267530915,0.8010629878588709,0.8891879124497187,0.9288301203069945
lod_val,last,65,lod-2253-2254,2253,2254,483511,34.98264994829801,47.52192717806314,6.906711093637267,359.30208943143737,88.07608722976566,0.6552283601815633,0.17767688617164107,0.6358283897944518,63.58283897944518,0.5268049744473239,0.7185338079175034,0.7802635307159507
lod_val,last,66,lod-2277-2278,2277,2278,491520,76.65205004842636,-27.18902552448183,0.22413929203545027,6.675894750994048,19.245401002540888,0.3175953215794131,0.07339512253028307,0.3139970605368261,31.399706053682607,0.791973876953125,0.8681925455729167,0.922210693359375
lod_val,last,67,lod-2279-2280,2279,2280,466792,70.79389649070396,1.7619100549417401,10.526106133160292,272.3916242594002,13.893676942529908,0.14938180062930395,0.020961618574182918,0.14921687195379646,14.921687195379645,0.9673730483812919,0.9888601347066788,0.9960153558758504
lod_val,last,68,lod-2371-2372,2371,2372,491520,61.78005884025139,31.490658935503106,0.11962922357219827,6.454104127310582,33.47138899425003,0.18611849411485293,0.045621883201695614,0.1849564825814667,18.495648258146673,0.8940938313802084,0.9588704427083333,0.9801249186197917
lod_val,last,69,lod-2401-2402,2401,2402,491520,58.49832310296097,43.36096488342954,0.08002209120074015,2.3150676886466894,21.48161725663041,0.11774736083947293,0.033846699688092535,0.11738728648389896,11.738728648389895,0.9366129557291667,0.989593505859375,0.9994893391927083
lod_val,last,70,lod-2405-2406,2405,2406,489208,70.25142831673175,-40.88027484143224,0.7165575384259025,38.609375789849935,18.718274866197167,3.1251186246570866,0.3240076588949378,3.094232612225361,309.4232612225361,0.8006676096874948,0.8883153995846348,0.9294349233863715
lod_val,last,71,lod-2577-2578,2577,2578,491520,47.674796788424665,86.1961189872419,0.18323120041901422,8.884139143336503,38.38536874722711,0.23388612474168285,0.07141274694282632,0.2323979184101763,23.239791841017627,0.7347330729166667,0.9201090494791667,0.9789347330729167
lod_val,last,72,lod-2585-2586,2585,2586,484286,55.91344138927898,-11.022019516550762,3.605807495564603,120.38099114394045,22.292081956205298,0.6376055223092134,0.07752470730955538,0.637369727468485,63.736972746848494,0.8232697207848255,0.9169602259821675,0.9470767273883615
lod_val,last,73,lod-2657-2658,2657,2658,491439,69.65307204341012,37.62296689071257,0.10276999624980579,4.237831021525444,14.965026863274977,0.195928126762554,0.031129545845746672,0.19579036347865272,19.579036347865273,0.9503559953524242,0.973960145613189,0.9811207494724676
lod_val,last,74,lod-2757-2758,2757,2758,480937,60.96897696006793,73.32130056612853,0.337328642088739,25.584270247021983,28.811384156772483,0.20195031289432486,0.041333790445265625,0.20172387916301285,20.172387916301286,0.9217194767713859,0.9824675581209181,0.9833574875711372
lod_val,last,75,lod-2787-2788,2787,2788,491520,59.14270145067717,23.871261484603888,0.0833531840667769,2.951252041432938,20.609018507666637,0.13861871267090106,0.03383769843286551,0.13840346132370998,13.840346132370998,0.9291341145833333,0.9763916015625,0.99307861328125
lod_val,last,76,lod-2817-2818,2817,2818,491520,63.614705627299315,24.69681434441463,0.07282188702500753,1.7889213390122682,17.29322205550274,0.128191885119652,0.02921455592142834,0.12805906529572042,12.805906529572042,0.9370808919270833,0.984381103515625,0.9926411946614583
lod_val,last,77,lod-2911-2912,2911,2912,491520,68.4219433688931,-35.123985955903855,0.16367729310678872,6.1066025928091845,23.350561134162536,0.26115553744083336,0.06498928950343895,0.26113023794596163,26.113023794596163,0.8027364095052083,0.912713623046875,0.9568400065104167
lod_val,last,78,lod-2941-2942,2941,2942,491520,-27.79770965128225,291.1760858557459,0.6105769334719642,73.56000880435073,101.99089917718949,0.6077121921199026,0.1955086141302282,0.6026871614803574,60.268716148035736,0.3444600423177083,0.583514404296875,0.783929443359375
lod_val,last,79,lod-2963-2964,2963,2964,491520,72.61188907073661,-23.815631311024692,0.06866639355552794,1.4249662125413354,14.018552207536874,0.13171265161710335,0.02884872597950151,0.13166431473114476,13.166431473114477,0.9264851888020833,0.9859842936197917,0.9951883951822916
lod_val,last,80,lod-2965-2966,2965,2966,491520,71.41373722215137,-19.179544941313896,0.14803889155446404,4.127339792146951,17.531645964233643,0.2129825122633898,0.05370938990293872,0.20989793276921362,20.98979327692136,0.8228902180989583,0.9323506673177083,0.986181640625
lod_val,last,81,lod-2989-2990,2989,2990,491520,57.11530815411721,57.13539162377714,0.19450018452727105,8.410646845288353,33.886161221876215,0.23579305814452187,0.07779925418188079,0.2345574989113669,23.45574989113669,0.6850484212239584,0.935205078125,0.9866414388020833
lod_val,last,82,lod-3033-3034,3033,3034,491520,87.80083131200894,-48.129152503159645,0.23061258121155573,8.438116699660544,30.174483668147886,0.3138552223138068,0.1016817693580974,0.3113410536988657,31.134105369886573,0.5732930501302084,0.8100179036458334,0.9819010416666667
lod_val,last,83,lod-3101-3102,3101,3102,472340,69.32992300509888,-7.1988774918062735,1.8891033002681061,40.842205033201765,12.150518604014808,0.8232739587912328,0.08304248553947505,0.8229215669364555,82.29215669364555,0.8185057373925562,0.8977537367150781,0.9453508066223483
lod_val,last,84,lod-3109-3110,3109,3110,465914,70.13558782124473,-13.48582091329866,2.265427051874091,78.53788129693018,13.049606435746856,0.8194827536878798,0.07515922069804006,0.8194441199985311,81.9444119998531,0.8516786359714453,0.9300128349867143,0.9608532905214267
lod_val,last,85,lod-3113-3114,3113,3114,458356,70.45995277806122,-8.080326934665747,2.003316072783765,29.844456319774686,14.424753341128307,0.36671109400418117,0.05127028167260057,0.36594024556188964,36.59402455618896,0.859205508382131,0.9301809074169423,0.9669667245547129
lod_val,last,86,lod-3127-3128,3127,3128,482942,72.3933679659349,7.880574944774177,0.4967741761025151,14.645338612351987,12.598792717568159,0.24238326207788527,0.033477747471843074,0.24167449308424127,24.16744930842413,0.9245830762286155,0.9700046796509726,0.9802647108762543
lod_val,last,87,lod-3153-3154,3153,3154,490340,64.37175369910393,34.10592528551348,0.5559505308955736,38.80466418898245,14.944485374612828,0.2558677397942322,0.03859758521073726,0.254431625013119,25.4431625013119,0.9225516988212261,0.9513949504425501,0.9651486723497981
lod_val,last,88,lod-3241-3242,3241,3242,491509,79.89411820325707,-3.642669613012987,0.08876574614458074,1.690176199041715,13.491733901848216,0.46259037471614645,0.03319561788993794,0.4625845522378404,46.25845522378404,0.9535695175469828,0.9832943038682913,0.9883135405455444
lod_val,last,89,lod-3271-3272,3271,3272,491482,74.30789899068303,-9.019430906277783,0.09630553507481157,2.729183543406214,13.252484926503762,0.5291696546640082,0.04774927176927076,0.5288282822789059,52.882828227890585,0.8964438168640968,0.9576912277560521,0.9755311486483736
lod_val,last,90,lod-3287-3288,3287,3288,491520,31.706480417904878,19.384741927548163,0.348690470648447,26.25373516943709,68.04564491057202,0.38006752092434876,0.1350946881212186,0.37383449425031523,37.38344942503152,0.4192891438802083,0.6655293782552083,0.929632568359375
lod_val,last,91,lod-3437-3438,3437,3438,486547,69.72587564677625,6.131895859873747,0.10697230036004077,3.4340915639902687,13.182288229191002,0.12181314577332603,0.02721528981973289,0.12127896794548539,12.127896794548539,0.9759653229801026,0.9905106803659256,0.997841935105961
lod_val,last,92,lod-3457-3458,3457,3458,491520,65.27840183816107,3.514260475255033,0.30244712789257516,14.975215297830498,33.853382674332096,0.3822601027929041,0.0902499669340149,0.3792382720331933,37.923827203319334,0.752789306640625,0.8568013509114584,0.9230936686197917
lod_val,last,93,lod-3459-3460,3459,3460,491520,70.93410104725827,-34.295532449130754,0.1687784714663896,4.184967748167273,16.715635253601462,3.194929357006368,0.3113771137288275,3.1702879103460977,317.02879103460975,0.7932230631510416,0.8687052408854167,0.9334309895833334
lod_val,last,94,lod-3463-3464,3463,3464,491520,66.86049599981796,21.576554177958535,0.2497376042780343,13.577227536014512,24.26807116792839,0.3583536778501733,0.05875801461472465,0.3557574336470648,35.57574336470648,0.8812581380208333,0.9305013020833334,0.9507161458333333
lod_val,last,95,lod-3509-3510,3509,3510,491520,62.89714850278927,-75.99545145695878,0.6945912575221944,78.34701319260041,86.12493453562891,2.1574001084281242,0.3236209700405899,2.1497984747070427,214.97984747070427,0.35287679036458336,0.6045084635416667,0.7680440266927083
lod_val,last,96,lod-3561-3562,3561,3562,400173,74.12028605725719,-18.62697369570817,0.7300243037476064,27.269299714772345,14.338755764887207,0.8570937697819478,0.05007819372871974,0.856870693605522,85.6870693605522,0.9507987795278542,0.9755680668111042,0.9810881793624258
lod_val,last,97,lod-3679-3680,3679,3680,491520,53.621581604677246,116.06765950076698,0.08461440745949037,5.651352653137277,32.13154065083322,0.14340196297686958,0.03254711443997539,0.14318524452358147,14.318524452358147,0.9422993977864583,0.97679443359375,0.9871988932291667
lod_val,last,98,lod-3715-3716,3715,3716,445202,71.05284124414892,-26.397762789670416,1.6327656586658263,51.21475695976234,28.366598141929334,0.3402535304343943,0.06673485545363002,0.34023399906326524,34.023399906326524,0.875577827592868,0.9391714322936555,0.9676012237141792
lod_val,last,99,lod-3759-3760,3759,3760,491520,58.08208145903621,68.83254627562364,0.06698611318114063,2.540431623703003,21.437505109875797,0.10974254828753217,0.02778035423028572,0.10973211824195256,10.973211824195255,0.9496622721354167,0.988983154296875,0.9975545247395833
lod_val,last,100,lod-3763-3764,3763,3764,491503,136.33507646621436,-225.05393488700773,0.3610385614664597,34.40225166700313,50.241372598410074,0.36944980933504507,0.08905772073655836,0.36785956086944815,36.785956086944815,0.6676378374089273,0.9290075543791187,0.9686960201667131
lod_val,last,101,lod-3787-3788,3787,3788,491505,76.36381075930602,3.0488031720422293,0.15071726548807987,4.588559122432017,23.15946905700999,0.216457926598747,0.06259413973246176,0.21637240843100844,21.637240843100845,0.7583625802382479,0.9676992095706046,0.9879268776512955
lod_val,last,102,lod-3835-3836,3835,3836,491520,97.57613903817605,-147.38593902503376,0.616297934318041,43.58070407141247,61.05053702959975,1.963033673098605,0.2647587646277519,1.9617128059703164,196.17128059703163,0.45224202473958336,0.6657389322916667,0.799993896484375
lod_val,last,103,lod-4043-4044,4043,4044,491520,52.78748613411409,55.312492174441545,0.1865479112271176,13.870350806439841,47.04759530793579,0.2954414729048778,0.07049593174618929,0.29372691878203305,29.372691878203305,0.800750732421875,0.8594340006510417,0.9156229654947917
lod_val,last,104,lod-4089-4090,4089,4090,491520,64.09085329613033,30.304395925513933,0.06563548270859496,3.8491461152130975,31.02217506767401,0.116979893744236,0.02718924143678895,0.11693216982709101,11.693216982709101,0.9475484212239583,0.9852518717447917,0.9956563313802084
lod_val,last,105,lod-4139-4140,4139,4140,491520,85.10372603574925,-65.5955157179774,0.1821781786895997,6.46774776835984,18.79622815448097,4.40998100489074,0.5497956021808995,4.3305972504900625,433.05972504900626,0.8692342122395833,0.8963297526041667,0.901904296875
lod_val,last,106,lod-4175-4176,4175,4176,491520,65.7071299367879,-40.25299268540829,0.34547910554108213,11.28180792653535,22.380902306682277,4.390613847300301,0.6133241554233614,4.314453807841177,431.44538078411773,0.6827494303385416,0.7547281901041667,0.79638671875
lod_val,last,107,lod-4397-4398,4397,4398,491520,77.0027858729537,17.56191145374276,0.349913982995405,40.631507709788806,36.66135596603487,0.39445161272934937,0.06899491724826742,0.3926711244526664,39.26711244526664,0.863189697265625,0.9436767578125,0.9620951334635417
lod_val,last,108,lod-4409-4410,4409,4410,491520,71.50736798527343,-47.16963021833193,0.15451841826592844,3.4900441845110537,19.36109406214531,0.20668850501928945,0.063585987787877,0.20417624748035454,20.417624748035454,0.7492390950520833,0.961712646484375,0.9939778645833334
lod_val,last,109,lod-4411-4412,4411,4412,491520,57.89729994652036,-4.601376614232024,0.1966316082018211,7.413151312753286,31.10606232331685,0.25268661161387135,0.07894225775155193,0.2514977514158682,25.149775141586822,0.752325439453125,0.9326619466145833,0.971539306640625
lod_val,last,110,lod-4449-4450,4449,4450,491520,67.68105069537172,24.07772298357542,0.030531368687775683,0.6130718699775486,9.07169873909538,0.0628867084322675,0.012545322240902178,0.0627620899935077,6.27620899935077,0.99051513671875,0.9969136555989583,0.9983968098958333
lod_val,last,111,lod-4459-4460,4459,4460,489811,63.80263722199628,16.35191030233264,1.3470723367534934,104.49688623139313,16.36087813541058,0.25224926622203464,0.031400475058283556,0.25167867979123487,25.167867979123486,0.9593190026357105,0.97933284470949,0.9857026485726127
