{
  "checkpoint_source": "/home/caq/333_cvpr/da_ours/checkpoints/depth_anything_v2_vits.pth",
  "metrics": {
    "abs_rel": 0.2897778867114369,
    "d1": 0.5217861109705825,
    "d2": 0.7651229752653244,
    "d3": 0.8799961733577841,
    "edge_overlap_iou": NaN,
    "edge_sobel_l1": NaN,
    "log10": 0.13687570817403727,
    "rmse": 12.3201668690597,
    "rmse_log": 0.43352662425870947,
    "silog": 0.4303319653042795,
    "silog_x100": 43.03319653042788,
    "sq_rel": 3.867631515892367
  },
  "split": "stf_val",
  "stage": "stf_only"
}