{
  "alignment_protocol": "per_image_affine_disp_depth_anything_v2",
  "diagnostics": {
    "high_ratio": 1.0436413599401713,
    "low_ratio": 0.6588110572695732,
    "max_gate": 0.99993359375,
    "mean_abs_delta": 0.43308706361055377,
    "mean_abs_delta_effective": 0.25114306800067426,
    "mean_abs_gate_delta": 0.01716998299653642,
    "mean_gate": 0.06343822929635644
  },
  "elapsed_seconds": 65.36642599105835,
  "epoch": 9,
  "feature_ablation_applied": true,
  "feature_ablation_donor_offset": 1,
  "feature_ablation_key": "x3",
  "feature_ablation_mean_kind": "batch_spatial_mean",
  "feature_ablation_mode": "mean",
  "feature_ablation_scope": "both",
  "feature_ablation_seed": 42,
  "max_val_samples": null,
  "overall": {
    "D0": {
      "abs_rel": 0.15309758370696205,
      "d1": 0.8185215383322386,
      "d2": 0.9450730189946064,
      "d3": 0.9742901235289007,
      "log10": 0.06352323539552604,
      "rmse": 7.734394489169579,
      "rmse_log": 0.22276541426973925,
      "silog": 0.2221862616766919,
      "silog_x100": 22.218626167669186,
      "sq_rel": 1.9698870422995622
    },
    "D1": {
      "abs_rel": 0.12097560103065506,
      "d1": 0.8558252578152963,
      "d2": 0.9563824847407696,
      "d3": 0.9845789876002944,
      "log10": 0.05192777147705303,
      "rmse": 6.626590125759038,
      "rmse_log": 0.18627340850239238,
      "silog": 0.1856540173600441,
      "silog_x100": 18.565401736004418,
      "sq_rel": 1.2261396328979204
    },
    "delta_D1_minus_D0": {
      "abs_rel": -0.03212198267630699,
      "d1": 0.03730371948305766,
      "d2": 0.011309465746163205,
      "d3": 0.010288864071393733,
      "log10": -0.011595463918473013,
      "rmse": -1.1078043634105406,
      "rmse_log": -0.036492005767346875,
      "silog": -0.03653224431664778,
      "silog_x100": -3.6532244316647677,
      "sq_rel": -0.7437474094016419
    },
    "delta_final_minus_D1": {
      "abs_rel": 0.0010775614280524454,
      "d1": -0.006768505134697067,
      "d2": -0.00017603105684615983,
      "d3": 0.0007043839810663144,
      "log10": 0.0005923272692974837,
      "rmse": 0.05180680149564765,
      "rmse_log": -0.0007206289959166279,
      "silog": -0.0006888592841629848,
      "silog_x100": -0.06888592841630725,
      "sq_rel": -0.00951309526669819
    },
    "final": {
      "abs_rel": 0.12205316245870751,
      "d1": 0.8490567526805992,
      "d2": 0.9562064536839234,
      "d3": 0.9852833715813607,
      "log10": 0.05252009874635051,
      "rmse": 6.678396927254686,
      "rmse_log": 0.18555277950647575,
      "silog": 0.18496515807588113,
      "silog_x100": 18.49651580758811,
      "sq_rel": 1.2166265376312222
    }
  },
  "region": {
    "D0": {
      "boundary_abs_rel": 0.3497510201456718,
      "dark_abs_rel": 0.13172102187577467,
      "dav2_high_error_abs_rel": 0.3046741019632282,
      "far50_abs_rel": 0.2480820440029512,
      "saturated_abs_rel": 0.23281949163094845
    },
    "D1": {
      "boundary_abs_rel": 0.2691568268996159,
      "dark_abs_rel": 0.10256333670461613,
      "dav2_high_error_abs_rel": 0.2718696256152636,
      "far50_abs_rel": 0.27332768549697517,
      "saturated_abs_rel": 0.13535080461086443
    },
    "delta_D1_minus_D0": {
      "boundary_abs_rel": -0.08059419324605588,
      "dark_abs_rel": -0.029157685171158534,
      "dav2_high_error_abs_rel": -0.03280447634796457,
      "far50_abs_rel": 0.025245641494023974,
      "saturated_abs_rel": -0.09746868702008402
    },
    "delta_final_minus_D1": {
      "boundary_abs_rel": -0.008015187080881725,
      "dark_abs_rel": 0.0020581853286469193,
      "dav2_high_error_abs_rel": -0.008055308337090894,
      "far50_abs_rel": 0.003993821219502147,
      "saturated_abs_rel": -0.0025667038420729704
    },
    "final": {
      "boundary_abs_rel": 0.2611416398187342,
      "dark_abs_rel": 0.10462152203326305,
      "dav2_high_error_abs_rel": 0.2638143172781727,
      "far50_abs_rel": 0.2773215067164773,
      "saturated_abs_rel": 0.13278410076879146
    }
  },
  "samples": 1000,
  "target_region_score": -0.0011324710937014072
}
