{
  "c2_checkpoint": "/mnt/drive/3333_raw/0000_exp_ckpt/0525_0203_vkitti_c2_d0only_residual_vits_halfd0_187x621_sceneholdout_Scene20_n1000_seed42_bs8_e20/best_abs_rel.pth",
  "c2_run_dir": "/home/caq/6666_raw/dav2_raw_0522/finetune_stf/exp/0525_0203_vkitti_c2_d0only_residual_vits_halfd0_187x621_sceneholdout_Scene20_n1000_seed42_bs8_e20",
  "experiment": "N7-eval-x3-ablation",
  "feature_ablation_donor_offset": 1,
  "feature_ablation_key": "x3",
  "feature_ablation_mean_kind": "batch_spatial_mean",
  "feature_ablation_mode": "mean",
  "feature_ablation_scope": "both",
  "feature_ablation_seed": 42,
  "incremental_feature_source": "x3",
  "kitti": {
    "dataset": "kitti_val_nseries",
    "dataset_samples": 652,
    "elapsed_seconds": 33.89163279533386,
    "epoch": 9,
    "eval_protocol": "halfres_raw_canonical_even_pad_crop_affine_disp",
    "feature_ablation_applied": true,
    "feature_ablation_donor_offset": 1,
    "feature_ablation_key": "x3",
    "feature_ablation_mode": "mean",
    "feature_ablation_scope": "both",
    "feature_ablation_seed": 42,
    "kitti_base": "/mnt/drive/kitti",
    "kitti_val_split": "/home/caq/6666_raw/dav2_raw/metric_depth/dataset/splits/kitti/val.txt",
    "max_val_samples": null,
    "overall": {
      "D0": {
        "abs_rel": 0.11837322563408595,
        "d1": 0.8665242741998791,
        "d2": 0.9661919217398028,
        "d3": 0.9907183771888997,
        "log10": 0.051220935063794194,
        "rmse": 5.1398232476641095,
        "rmse_log": 0.17229176258779166,
        "silog": 0.17187490113398957,
        "silog_x100": 17.187490113398955,
        "sq_rel": 0.889805546790013
      },
      "D1": {
        "abs_rel": 0.09644374810658646,
        "d1": 0.8960897704139863,
        "d2": 0.9725229755964909,
        "d3": 0.9926099043237583,
        "log10": 0.04242460899397349,
        "rmse": 4.656947826664507,
        "rmse_log": 0.15140433540395623,
        "silog": 0.15091277266863845,
        "silog_x100": 15.091277266863845,
        "sq_rel": 0.6357046842877416
      },
      "delta_D1_minus_D0": {
        "abs_rel": -0.02192947752749949,
        "d1": 0.0295654962141072,
        "d2": 0.006331053856688085,
        "d3": 0.0018915271348586282,
        "log10": -0.008796326069820705,
        "rmse": -0.48287542099960223,
        "rmse_log": -0.020887427183835433,
        "silog": -0.020962128465351115,
        "silog_x100": -2.09621284653511,
        "sq_rel": -0.2541008625022714
      },
      "delta_final_minus_D1": {
        "abs_rel": -0.0002215232549348939,
        "d1": -8.733623371770527e-05,
        "d2": -9.304664273335206e-05,
        "d3": 6.243808345685053e-05,
        "log10": -1.0274413896067813e-05,
        "rmse": 0.023564461581158547,
        "rmse_log": -0.0002222389453793161,
        "silog": -0.00023375689498528196,
        "silog_x100": -0.023375689498529084,
        "sq_rel": -0.003077495781795281
      },
      "final": {
        "abs_rel": 0.09622222485165156,
        "d1": 0.8960024341802686,
        "d2": 0.9724299289537576,
        "d3": 0.9926723424072151,
        "log10": 0.04241433458007742,
        "rmse": 4.680512288245666,
        "rmse_log": 0.15118209645857691,
        "silog": 0.15067901577365317,
        "silog_x100": 15.067901577365316,
        "sq_rel": 0.6326271885059463
      }
    },
    "per_sample_path": "/home/caq/6666_raw/dav2_raw_0522/plans/0527/diagnostics/0530_n7_eval_x3_ablation_0530_1723/mode_mean_scope_both/kitti_val_mean_both/per_sample.jsonl",
    "samples": 652,
    "seconds_per_visited_sample": 0.05198103189468384,
    "status_counts": {
      "ok": 652
    },
    "visited_samples": 652
  },
  "method_id": "N7",
  "processed_samples": {
    "kitti": 652,
    "vkitti": 1000
  },
  "source_checkpoint": "/mnt/drive/3333_raw/0000_exp_ckpt/0530_0216_vkitti_n7_x3_lp0p5_q0p3_lfl0p0_rfttrue_vits_half187x621_sceneholdout_Scene20_n1000_seed42_bs8_e10/epoch_09.pth",
  "vkitti": {
    "alignment_protocol": "per_image_affine_disp_depth_anything_v2",
    "diagnostics": {
      "high_ratio": 1.0436413599401713,
      "low_ratio": 0.6588110572695732,
      "max_gate": 0.99993359375,
      "mean_abs_delta": 0.43308706361055377,
      "mean_abs_delta_effective": 0.25114306800067426,
      "mean_abs_gate_delta": 0.01716998299653642,
      "mean_gate": 0.06343822929635644
    },
    "elapsed_seconds": 65.36642599105835,
    "epoch": 9,
    "feature_ablation_applied": true,
    "feature_ablation_donor_offset": 1,
    "feature_ablation_key": "x3",
    "feature_ablation_mean_kind": "batch_spatial_mean",
    "feature_ablation_mode": "mean",
    "feature_ablation_scope": "both",
    "feature_ablation_seed": 42,
    "max_val_samples": null,
    "overall": {
      "D0": {
        "abs_rel": 0.15309758370696205,
        "d1": 0.8185215383322386,
        "d2": 0.9450730189946064,
        "d3": 0.9742901235289007,
        "log10": 0.06352323539552604,
        "rmse": 7.734394489169579,
        "rmse_log": 0.22276541426973925,
        "silog": 0.2221862616766919,
        "silog_x100": 22.218626167669186,
        "sq_rel": 1.9698870422995622
      },
      "D1": {
        "abs_rel": 0.12097560103065506,
        "d1": 0.8558252578152963,
        "d2": 0.9563824847407696,
        "d3": 0.9845789876002944,
        "log10": 0.05192777147705303,
        "rmse": 6.626590125759038,
        "rmse_log": 0.18627340850239238,
        "silog": 0.1856540173600441,
        "silog_x100": 18.565401736004418,
        "sq_rel": 1.2261396328979204
      },
      "delta_D1_minus_D0": {
        "abs_rel": -0.03212198267630699,
        "d1": 0.03730371948305766,
        "d2": 0.011309465746163205,
        "d3": 0.010288864071393733,
        "log10": -0.011595463918473013,
        "rmse": -1.1078043634105406,
        "rmse_log": -0.036492005767346875,
        "silog": -0.03653224431664778,
        "silog_x100": -3.6532244316647677,
        "sq_rel": -0.7437474094016419
      },
      "delta_final_minus_D1": {
        "abs_rel": 0.0010775614280524454,
        "d1": -0.006768505134697067,
        "d2": -0.00017603105684615983,
        "d3": 0.0007043839810663144,
        "log10": 0.0005923272692974837,
        "rmse": 0.05180680149564765,
        "rmse_log": -0.0007206289959166279,
        "silog": -0.0006888592841629848,
        "silog_x100": -0.06888592841630725,
        "sq_rel": -0.00951309526669819
      },
      "final": {
        "abs_rel": 0.12205316245870751,
        "d1": 0.8490567526805992,
        "d2": 0.9562064536839234,
        "d3": 0.9852833715813607,
        "log10": 0.05252009874635051,
        "rmse": 6.678396927254686,
        "rmse_log": 0.18555277950647575,
        "silog": 0.18496515807588113,
        "silog_x100": 18.49651580758811,
        "sq_rel": 1.2166265376312222
      }
    },
    "region": {
      "D0": {
        "boundary_abs_rel": 0.3497510201456718,
        "dark_abs_rel": 0.13172102187577467,
        "dav2_high_error_abs_rel": 0.3046741019632282,
        "far50_abs_rel": 0.2480820440029512,
        "saturated_abs_rel": 0.23281949163094845
      },
      "D1": {
        "boundary_abs_rel": 0.2691568268996159,
        "dark_abs_rel": 0.10256333670461613,
        "dav2_high_error_abs_rel": 0.2718696256152636,
        "far50_abs_rel": 0.27332768549697517,
        "saturated_abs_rel": 0.13535080461086443
      },
      "delta_D1_minus_D0": {
        "boundary_abs_rel": -0.08059419324605588,
        "dark_abs_rel": -0.029157685171158534,
        "dav2_high_error_abs_rel": -0.03280447634796457,
        "far50_abs_rel": 0.025245641494023974,
        "saturated_abs_rel": -0.09746868702008402
      },
      "delta_final_minus_D1": {
        "boundary_abs_rel": -0.008015187080881725,
        "dark_abs_rel": 0.0020581853286469193,
        "dav2_high_error_abs_rel": -0.008055308337090894,
        "far50_abs_rel": 0.003993821219502147,
        "saturated_abs_rel": -0.0025667038420729704
      },
      "final": {
        "boundary_abs_rel": 0.2611416398187342,