split,checkpoint_label,sample_index,sample_id,normal_id,dark_id,valid_pixels,align_scale,align_shift,abs_rel,sq_rel,rmse,rmse_log,log10,silog,silog_x100,d1,d2,d3
lod_train_proxy,best,0,lod-0031-0032,31,32,491473,72.22729076024025,-15.749858244298055,0.19304537361686566,3.9745470292476224,13.304112476239572,1.0547169616305667,0.06895519843056595,1.053505914227216,105.3505914227216,0.9086623273302907,0.9637619970985182,0.9768329084201981
lod_train_proxy,best,1,lod-0185-0186,185,186,491520,69.60620667570261,-22.899274320084547,0.10725813660889652,2.4784463952290214,16.51128110202389,0.16706151095081515,0.04343271393489915,0.16655151113106087,16.655151113106086,0.85264892578125,0.9615824381510417,0.9957784016927084
lod_train_proxy,best,2,lod-0275-0276,275,276,491520,60.04320689111523,75.31370776986536,0.23026096282603487,18.32003670398293,86.89163092572002,0.27841918305201846,0.09980089099980798,0.27786029724305195,27.786029724305195,0.534375,0.9388020833333334,0.984271240234375
lod_train_proxy,best,3,lod-0293-0294,293,294,491520,67.79008953665483,23.205152021628432,0.4360853700053244,30.805039473154405,74.5774961183977,0.481666980750017,0.16301138571381948,0.4732713098995108,47.32713098995108,0.384027099609375,0.7057210286458333,0.8452046712239584
lod_train_proxy,best,4,lod-0331-0332,331,332,491520,67.32371417811689,27.73618785173989,0.31358312097462265,17.843359132741913,42.73756192542878,0.3622872768491521,0.10980744033731475,0.35868757290110265,35.86875729011027,0.601873779296875,0.8486612955729167,0.9315205891927083
lod_train_proxy,best,5,lod-0363-0364,363,364,490982,61.18521079625728,-6.637969583445548,0.11154587381999317,3.8664496491829703,24.727347643395053,0.7730201488080525,0.05569729878868868,0.7722753153291579,77.22753153291579,0.9205469854292011,0.9674733493284886,0.9846328378637099
lod_train_proxy,best,6,lod-0377-0378,377,378,491520,79.08622400740462,-42.332512080674725,0.18754041167604804,8.101031271033328,34.22769564737623,2.3884048937450673,0.21797317278941222,2.376045792256649,237.6045792256649,0.7544962565104166,0.8901570638020834,0.927081298828125
lod_train_proxy,best,7,lod-0395-0396,395,396,491520,51.32160264617223,57.90071079381589,0.09988763887153133,4.603291608899225,29.433186521716618,0.1539875744942614,0.04180673238670177,0.15378860394659297,15.378860394659297,0.8373942057291667,0.9828470865885417,0.9984883626302083
lod_train_proxy,best,8,lod-0399-0400,399,400,491520,73.12436330982413,-20.177846070151382,0.31413022559150755,17.758902387556343,26.767886728132172,3.5843707538736362,0.40831458475443294,3.548839661354973,354.8839661354973,0.765631103515625,0.7998514811197917,0.8350240071614583
lod_train_proxy,best,9,lod-0427-0428,427,428,491520,154.14808467182576,-285.3986835164535,0.630932139638383,43.995006444216195,56.022762482409206,2.6740691223964674,0.36576660626203944,2.667105377073296,266.7105377073296,0.424383544921875,0.6133504231770833,0.71051025390625
lod_train_proxy,best,10,lod-0545-0546,545,546,491520,47.34406213034912,107.14152481108913,0.3144649052385108,33.08045430339048,67.82778533812929,0.3923599933379348,0.1084470969953406,0.3896048790477971,38.96048790477971,0.6558308919270833,0.8188191731770833,0.89725341796875
lod_train_proxy,best,11,lod-0567-0568,567,568,491520,74.88813050736492,-11.863149019904247,0.07807423104397028,1.9639831391148284,17.907151323631425,0.1313126041146884,0.03379655277245713,0.13119360088379567,13.119360088379567,0.9649739583333333,0.9910420735677083,0.9946451822916667
lod_train_proxy,best,12,lod-0619-0620,619,620,491520,64.16625941134723,18.452854658679115,0.07912720237844027,2.4437247687026873,19.873070682069937,0.1756157817026569,0.036501275571648624,0.17556453540243555,17.556453540243556,0.9009867350260417,0.9635538736979167,0.9845377604166666
lod_train_proxy,best,13,lod-0671-0672,671,672,491520,29.69678661929292,298.60604027053205,0.054023006975266595,4.32200393702905,33.9985760606873,0.1140588841780694,0.021958511618364054,0.11398209963113118,11.398209963113118,0.9147705078125,0.989697265625,0.9954752604166667
lod_train_proxy,best,14,lod-0705-0706,705,706,491520,62.01780139984463,83.88539393716589,0.13313227758988927,8.61359671004301,45.27479244018679,0.19418512469865906,0.055797734865868365,0.1938494118231898,19.38494118231898,0.84306640625,0.9468282063802084,0.9894694010416667
lod_train_proxy,best,15,lod-0711-0712,711,712,491513,66.0860513287278,28.522432787450228,0.2556435151071028,29.51640353751752,52.33689590311871,0.3299118707097397,0.06587763592186714,0.3289585362505465,32.89585362505465,0.8214370728749799,0.9232838195530942,0.9553663890883862
lod_train_proxy,best,16,lod-0783-0784,783,784,480195,81.76656735806733,-75.4717048901612,25.953208280064633,596.4918024766007,69.73173142665523,2.858528619231789,0.4763307572033577,2.8468281688708363,284.6828168870836,0.30364955903330937,0.49530711481793854,0.5766136673642999
lod_train_proxy,best,17,lod-0833-0834,833,834,491520,59.063381907020236,42.557027916762394,0.08615410610274014,4.597209838440284,40.38451242627258,0.12078042309615498,0.03714498065911022,0.12077729070051058,12.077729070051058,0.8981526692708334,0.999359130859375,0.9997456868489584
lod_train_proxy,best,18,lod-0851-0852,851,852,491520,59.862685072329334,54.22309884945479,0.12912936921376061,11.602615578605455,48.99300182693617,0.2009466078871819,0.050153708043783087,0.20041386457005192,20.041386457005192,0.8584004720052083,0.9491190592447917,0.979290771484375
lod_train_proxy,best,19,lod-0861-0862,861,862,491520,59.44528932940053,52.15669851378008,0.20166188227773568,19.34798418626189,88.99509289760915,0.27054783698202756,0.08919743339551768,0.26881359777664143,26.881359777664144,0.7222880045572917,0.8901611328125,0.9629435221354167
lod_train_proxy,best,20,lod-0893-0894,893,894,491520,70.28149585876257,6.53651948075707,0.18125054216676997,6.232990516916588,26.476312860554525,0.24996409663494065,0.06471888352798566,0.24736075010449404,24.736075010449404,0.8140055338541666,0.9394917805989583,0.9621134440104167
lod_train_proxy,best,21,lod-0983-0984,983,984,471564,57.99762148064512,38.46463212346162,181.49942275735066,7377.455139432113,34.91404077656468,1.3037621840136666,0.25222670847937123,1.263427249455756,126.3427249455756,0.7684577279011968,0.8125599070327676,0.8336365795522983
lod_train_proxy,best,22,lod-1001-1002,1001,1002,490630,72.30918297899046,2.4048387669527767,1.3483585461435803,79.9848332801815,27.62938768401094,0.4433388604324864,0.06691303053254528,0.4412826089064275,44.12826089064275,0.9014430426186739,0.925624197460408,0.9425901392087724
lod_train_proxy,best,23,lod-1065-1066,1065,1066,485183,61.98895706544926,-0.1626417633338316,0.5424827217656685,16.42542271705429,11.52965502597695,2.962874871010608,0.3124992947373616,2.9281042499643464,292.8104249964346,0.8743216477081843,0.9039310940408052,0.9199971969339404
lod_train_proxy,best,24,lod-1195-1196,1195,1196,491456,76.7334900932151,-28.403224711451628,0.280695840688814,8.703808591963538,27.87968694289056,0.25915717601283766,0.06844962694069864,0.25896021939907504,25.896021939907506,0.7490843534314364,0.9315014975908321,0.9764800918088292
lod_train_proxy,best,25,lod-1237-1238,1237,1238,484449,71.46709899005073,-0.2442118786978399,4.852636752332096,39.88751524256601,14.148148869929585,0.5638209612022776,0.06355052933519721,0.5630754678498183,56.30754678498183,0.8236099155948304,0.9226688464626823,0.9554793177403607
lod_train_proxy,best,26,lod-1281-1282,1281,1282,484821,70.2929295751428,-0.32300880982009894,2.4279005419230177,362.04337005097193,17.33538806990918,0.575944793152979,0.024916780326936318,0.5758618792779291,57.586187927792906,0.980186501822322,0.9877563059355927,0.9924900117775426
lod_train_proxy,best,27,lod-1385-1386,1385,1386,491520,61.39074793281452,42.195009143662695,0.05173180698707036,1.1178373535898944,17.370818636184946,0.07748960715626127,0.02295137803585793,0.07745405815011482,7.745405815011481,0.9829081217447917,0.997320556640625,0.9999043782552083
lod_train_proxy,best,28,lod-1429-1430,1429,1430,478983,66.98340186960978,2.397491064272772,34.51116010859945,828.8291542768176,14.436750830965998,0.3502357937820202,0.03981227767923358,0.34905626578171345,34.90562657817134,0.9376115645022892,0.9670531104444208,0.9760283767899904
lod_train_proxy,best,29,lod-1453-1454,1453,1454,491520,68.88203632211825,20.36287590421607,0.1528176273903288,9.087283727523044,55.726424891788724,0.19112884978079184,0.06501007459947734,0.19067215830654688,19.06721583065469,0.8306640625,0.981671142578125,0.9913798014322917
lod_train_proxy,best,30,lod-1531-1532,1531,1532,491520,65.39800651974566,-13.764968595418306,0.34299761451417504,16.335972469641487,37.04285836113732,0.4138925677997233,0.11882330299445373,0.41312474954765305,41.31247495476531,0.5946146647135416,0.788482666015625,0.8890970865885417
lod_train_proxy,best,31,lod-1579-1580,1579,1580,491520,49.741375070325915,133.9723796874316,0.0951152998561526,3.279675125213392,28.105051552964447,0.12056513883018444,0.041197727936425545,0.12047454680985469,12.047454680985469,0.9246134440104167,0.9999959309895833,1.0
lod_train_proxy,best,32,lod-1583-1584,1583,1584,491520,19.184987288676915,194.71175620806483,0.09736220073800061,3.427407346271827,29.37075512286746,0.1173699751619325,0.04190046036388836,0.11727214574585738,11.727214574585739,0.9547261555989583,1.0,1.0
lod_train_proxy,best,33,lod-1597-1598,1597,1598,491520,68.51796821482716,-14.476082376045467,0.5381249916465656,38.07453003187211,65.93886917456798,2.5762403505430003,0.31874085517513745,2.565322256212771,256.5322256212771,0.483245849609375,0.7569925944010417,0.8465433756510417
lod_train_proxy,best,34,lod-1617-1618,1617,1618,491520,60.83651694862436,7.252035957084477,0.3656532352911809,22.589181868646076,45.407383484730275,0.46009519791721176,0.11461078813943809,0.4573325849769526,45.73325849769526,0.665478515625,0.79189453125,0.8545145670572917
lod_train_proxy,best,35,lod-1709-1710,1709,1710,491520,58.62932535765478,34.73352564035525,0.06923682867568871,1.7593450867626799,18.97154935491191,0.10741937253633867,0.030396791115383473,0.10731147328437356,10.731147328437356,0.9426554361979167,0.9951639811197917,0.99886474609375
lod_train_proxy,best,36,lod-1721-1722,1721,1722,445630,68.77090711108734,-4.293839209401888,2.8603552978456395,124.5875118308683,22.21453436006873,3.4172628340880133,0.3988351214150477,3.373458439274088,337.3458439274088,0.8300338846127954,0.882647039023405,0.9017974552880192
lod_train_proxy,best,37,lod-1793-1794,1793,1794,486953,69.81335546379866,6.3245675736155285,0.20161607527325975,5.071308691807012,17.48105340829017,0.24712504025212545,0.05678470818487427,0.24572015828492913,24.572015828492912,0.8430012752770801,0.9180988719650561,0.9572053155027281
lod_train_proxy,best,38,lod-1841-1842,1841,1842,491520,60.126969807370486,64.86416746997017,0.1091024616295664,4.155494107547067,28.336667962879936,0.17224020698512835,0.04311106945840391,0.17096363155611413,17.096363155611414,0.8275288899739583,0.9592915852864583,0.99276123046875
lod_train_proxy,best,39,lod-1865-1866,1865,1866,488037,64.1149219144678,-7.996522010535791,0.4152041397275029,5.98147159751911,23.192381415148564,0.8612752987832136,0.06803383613808732,0.8601049421384895,86.01049421384896,0.8873937836680416,0.958578960201788,0.9809522638652397
lod_train_proxy,best,40,lod-1913-1914,1913,1914,475736,64.90146671736314,-1.5441173838286388,1.31713467936458,17.23696174499038,10.45045168874381,0.5688454235794589,0.06906857116062387,0.5648946238374286,56.48946238374286,0.8615114265054568,0.8902899927690988,0.9094245547950964
lod_train_proxy,best,41,lod-1933-1934,1933,1934,477006,65.36705275910418,1.4819234536210621,1.2062001126362383,17.337940742078942,8.052309293440972,0.3327551872036354,0.04493623441596061,0.3313360514226066,33.133605142260656,0.9043827540953363,0.9465520349848849,0.9614805683785949
lod_train_proxy,best,42,lod-1937-1938,1937,1938,491520,74.43443750868244,-3.5170740694897074,0.07295167526666044,0.8968967379576238,6.819184187968926,0.14153120639008773,0.027119821714399323,0.14016022951232485,14.016022951232484,0.9174763997395833,0.980780029296875,0.9935302734375
lod_train_proxy,best,43,lod-1943-1944,1943,1944,491060,40.00512847944454,-1.416819726865029,0.2608069043974584,2.7731389730458176,6.023801025649058,0.2604909595637465,0.03361878256129356,0.26038848078868265,26.038848078868266,0.9226958009204578,0.9630432126420396,0.97899442023378
lod_train_proxy,best,44,lod-2037-2038,2037,2038,491520,6.5965943992339175,219.25679379022975,0.2671172554684468,24.270749318222773,65.60601460509551,0.31180384778426334,0.10118892242075124,0.3102979238010343,31.029792380103434,0.5563802083333333,0.90616455078125,0.9603861490885417
lod_train_proxy,best,45,lod-2039-2040,2039,2040,491520,57.62994015778673,67.55564699792271,0.06718755546697872,2.5195505259382336,26.61934732362434,0.11415314395258126,0.03052332979297017,0.11414848062914269,11.414848062914269,0.95142822265625,0.988250732421875,0.9934102376302083
lod_train_proxy,best,46,lod-2065-2066,2065,2066,487265,59.475808059915884,-24.01428612739115,1.2106184297426836,21.207811655602107,19.7764575350678,1.3689476065902055,0.15081834891959547,1.3689193027720614,136.89193027720614,0.7280227391665726,0.8255323078817481,0.8686074312745631
lod_train_proxy,best,47,lod-2097-2098,2097,2098,491520,54.683511857329485,70.80597746136809,0.07689854717932514,2.3467172466406647,20.87476580659643,0.11485136675317084,0.032832584088743476,0.11480105114729773,11.480105114729772,0.9287841796875,0.9938395182291667,0.99942626953125
lod_train_proxy,best,48,lod-2111-2112,2111,2112,489613,51.44117122010406,-2.1362855802138165,14.958712659201831,928.989105832892,20.305545346165452,0.5148940846593153,0.10086218353204529,0.5099699694284322,50.99699694284322,0.7494020787846728,0.8932830623369886,0.9312293586975836
lod_train_proxy,best,49,lod-2145-2146,2145,2146,490986,66.15840289485581,-8.162033159814829,0.7249380495995882,15.329048261314542,14.844621737548803,0.27417666138853913,0.03997103349205571,0.27404474991706523,27.404474991706522,0.9102031422484551,0.9538764852765659,0.9760074625345733
lod_train_proxy,best,50,lod-2173-2174,2173,2174,481969,77.07153501708142,-5.900261659041422,0.07631002275365542,1.4999773836793346,11.897080229922766,0.2748037239577422,0.030456096290567863,0.27471993892064256,27.471993892064255,0.9475630175384724,0.972413163502217,0.9781915434395159
lod_train_proxy,best,51,lod-2205-2206,2205,2206,487280,68.95937013293735,-17.060231864816856,2.264469792361595,41.87121204750257,15.192893046674198,0.48915389660184155,0.053189648913417875,0.48842926454313795,48.8429264543138,0.892213922180266,0.9431538335248728,0.9635876703332786
lod_train_proxy,best,52,lod-2255-2256,2255,2256,491520,70.13106731205379,16.404092758696006,0.1445281691396905,11.241409939433321,42.40664123336169,0.27510685455579087,0.05379965673433469,0.2745943145305061,27.45943145305061,0.891015625,0.9439127604166667,0.9603495279947917
lod_train_proxy,best,53,lod-2355-2356,2355,2356,491520,62.88161497205844,9.581262844641557,0.16129610391010193,10.158753379816536,37.00207606905736,0.24854466921415266,0.06164671572970673,0.24820827799639208,24.820827799639208,0.822705078125,0.9365071614583333,0.97047119140625
lod_train_proxy,best,54,lod-2393-2394,2393,2394,491520,57.072428333996754,69.07383317434049,0.08775595577356869,2.489421303526274,22.595034703762845,0.12068865889952017,0.03700755096661921,0.12036911342563132,12.036911342563132,0.932098388671875,0.9945292154947917,0.9997273763020833
lod_train_proxy,best,55,lod-2403-2404,2403,2404,491520,59.16167157075634,67.0757055034666,0.10652845037494293,4.185760525141251,25.96629930885291,0.15641248461477628,0.043188949841485996,0.15623888375989456,15.623888375989456,0.8887288411458333,0.9794576009114583,0.993218994140625
lod_train_proxy,best,56,lod-2495-2496,2495,2496,491520,56.31229295378406,91.95265014603308,0.11956990137388993,5.4642853229487525,33.13198480367112,0.15487994784980777,0.049422515714423194,0.1546907414574683,15.46907414574683,0.8690104166666667,0.9807840983072916,0.999407958984375
lod_train_proxy,best,57,lod-2733-2734,2733,2734,491520,47.57696109562081,-7.41175940620008,0.28771426283812146,11.240306466577907,37.04768370253706,0.3608662065279803,0.12393506602888141,0.3606557396426883,36.06557396426883,0.44863484700520834,0.7660542805989583,0.9622029622395833
lod_train_proxy,best,58,lod-2767-2768,2767,2768,486745,73.28676317090148,6.553615204816438,5.1943818733223095,126.98264566788038,11.794906190893656,0.21597441222187985,0.036902994255222796,0.215136469742956,21.5136469742956,0.8946101141254661,0.9747136591028156,0.9897091906439717
lod_train_proxy,best,59,lod-2781-2782,2781,2782,491520,59.2446670630183,53.527009932743134,0.08559545583475602,4.240054108269559,34.43833451630053,0.1271889046443897,0.035480599672590776,0.12697835827220516,12.697835827220516,0.9283894856770833,0.9934244791666667,0.997271728515625
lod_train_proxy,best,60,lod-2783-2784,2783,2784,490016,56.831588652832565,51.88500618563141,13.623116087118222,2127.8382404358636,33.76546318119564,0.417529007808256,0.07046626549025659,0.4166082592687836,41.66082592687836,0.8317116175798341,0.9545647489061582,0.9677112584078887
lod_train_proxy,best,61,lod-2835-2836,2835,2836,491520,64.73691445718349,42.71816164603275,0.05718587827054541,1.0676914726194093,10.884053757265002,0.11427804475778326,0.022359438747110775,0.11383033248583747,11.383033248583747,0.95462646484375,0.967364501953125,0.999578857421875
lod_train_proxy,best,62,lod-2945-2946,2945,2946,491520,66.65843998930598,56.82872131427264,0.06794013161724873,1.5012933903824883,17.79774539422424,0.09118199501056054,0.029772820205484867,0.09085780515911243,9.085780515911242,0.9814982096354167,0.9992838541666667,0.9999532063802083
lod_train_proxy,best,63,lod-2953-2954,2953,2954,491520,56.65487160846523,-17.753152607089927,0.18037536911606927,6.276928157889703,27.50181319018651,0.9488127064264266,0.10712744899446618,0.9472462428630943,94.72462428630944,0.699346923828125,0.9182027180989584,0.9562479654947916
lod_train_proxy,best,64,lod-2971-2972,2971,2972,491518,58.969041117114685,-10.413629947312732,0.21984395181559552,3.3439471441094826,20.435952451777045,4.830467763691351,0.705996526732924,4.708377161759694,470.83771617596943,0.7871939583087496,0.8291822476491196,0.8561395513490859
lod_train_proxy,best,65,lod-2973-2974,2973,2974,491520,67.96481824678854,48.63271278274678,0.09891750387825307,3.023682055850282,22.90589319073224,0.1634459588082895,0.038634009482810136,0.1627297352779404,16.27297352779404,0.9198994954427083,0.9680196126302083,0.9868693033854167
lod_train_proxy,best,66,lod-2985-2986,2985,2986,491520,53.764976618325065,58.104189434381595,0.194185245378676,12.179158881423588,39.59884548669603,0.2544520186094179,0.07149406731264878,0.2538803025725491,25.38803025725491,0.778704833984375,0.9600830078125,0.973211669921875
lod_train_proxy,best,67,lod-3021-3022,3021,3022,485609,72.52103368297348,-27.117860660516243,0.10612207234513929,2.3782827643312916,14.794564545932962,2.1258495473186048,0.1627240779204104,2.1160638953842894,211.60638953842894,0.8918595001328229,0.9367865916817851,0.9675664989734539
lod_train_proxy,best,68,lod-3037-3038,3037,3038,491520,70.34615896936323,-8.099738257231708,0.1123304664662912,2.6839072196046674,15.587683720458584,0.19172391294643032,0.03988094569431698,0.19151883280049778,19.151883280049777,0.9069112141927084,0.971142578125,0.9819234212239584
lod_train_proxy,best,69,lod-3067-3068,3067,3068,491520,70.12565030070375,3.7375784162251895,0.06265833907946282,1.2587808314682216,16.42753004302019,0.09266256684247523,0.026706737522725434,0.09260940195670164,9.260940195670164,0.97415771484375,0.9958089192708334,0.999139404296875
lod_train_proxy,best,70,lod-3095-3096,3095,3096,491397,70.60468605635228,13.44424845817085,0.1873825628382457,4.216708726341066,9.5605396433688,0.18241804661411953,0.031084088049894442,0.18182666203252768,18.18266620325277,0.9252783391025994,0.9676249549753051,0.9854598216920332
lod_train_proxy,best,71,lod-3145-3146,3145,3146,476931,71.49376235816264,-12.88527200156303,0.2965777965948988,8.962247150698504,13.607051696413505,1.0886731041156512,0.08037336865362824,1.0877819175104442,108.77819175104442,0.8931774197944776,0.9417651609981318,0.958474076962915
lod_train_proxy,best,72,lod-3161-3162,3161,3162,491520,70.55864686323632,25.794658936652628,0.05177586280961857,1.2630241736348387,17.12953283197986,0.08504313662520781,0.021325710092042576,0.08476753576831653,8.476753576831653,0.970184326171875,0.9974873860677084,0.9990580240885417
lod_train_proxy,best,73,lod-3249-3250,3249,3250,491520,-4.781872017344381,225.22392604673473,0.15227029897103536,7.706860786522943,38.13310879000325,0.19002931260705017,0.06294579320138641,0.18964895154174424,18.964895154174425,0.7944478352864583,0.9694559733072917,0.9972819010416667
lod_train_proxy,best,74,lod-3253-3254,3253,3254,491520,63.99529117253454,16.970995017355754,0.10846266152766064,3.905064667610033,25.741483090314674,0.19688053616217555,0.04310610761825376,0.1957675489753447,19.57675489753447,0.8860432942708333,0.9282877604166667,0.9861979166666667
lod_train_proxy,best,75,lod-3259-3260,3259,3260,491520,70.15759831435776,-10.720950724951937,0.06538723573738402,1.6703858923012154,14.22132723573099,0.1253932896255473,0.02693214631743042,0.12530127531022847,12.530127531022847,0.955010986328125,0.9869038899739583,0.99246826171875
lod_train_proxy,best,76,lod-3285-3286,3285,3286,491520,64.04070459398349,-24.93881073308571,0.28786811212401436,15.817870645725046,42.52951124612043,0.35414746726511837,0.11422770480605961,0.35398146479449366,35.398146479449366,0.53084716796875,0.8144022623697916,0.9370768229166667
lod_train_proxy,best,77,lod-3291-3292,3291,3292,491495,63.71237787981775,58.44823013320367,0.17620800614736065,9.270628842902003,35.481084216452345,0.29077279537195616,0.06810036262231378,0.2899246078877516,28.99246078877516,0.833652427796824,0.9029247499974568,0.9278059797149513
lod_train_proxy,best,78,lod-3309-3310,3309,3310,490436,63.64380340208683,30.308331128293037,99.80712595556996,6413.435003289597,39.671029092023964,0.5744011684697663,0.10838084155401367,0.5690830465816967,56.90830465816967,0.7678086437374092,0.8790280485119363,0.9208051611219404
lod_train_proxy,best,79,lod-3357-3358,3357,3358,491520,45.896617241920175,85.97528739037114,0.43383013928933534,47.577078634848135,84.32297608203399,0.47901596810613667,0.14049834072945855,0.4724791806831393,47.24791806831393,0.520709228515625,0.7488118489583333,0.8670552571614584
lod_train_proxy,best,80,lod-3361-3362,3361,3362,491520,67.66660719676692,-2.8442075804714446,0.08269013113342176,1.2907797049051344,10.539206897967206,0.14335825812510766,0.03396315798196275,0.14270320870017655,14.270320870017656,0.8835774739583333,0.9813618977864583,0.9956298828125
lod_train_proxy,best,81,lod-3383-3384,3383,3384,483164,200.33084678071353,-279.9926962548214,5.54494812484206,301.3632472718001,86.17157959645962,7.0963155388426316,1.842338170272273,6.8955230548034105,689.552305480341,0.14023395782798387,0.18992102060583985,0.23440902053960974
lod_train_proxy,best,82,lod-3399-3400,3399,3400,491520,53.25291729296541,13.431703518266605,0.09114268291403113,2.565122012281569,17.09253732234292,0.1377556841907307,0.037398184783365894,0.1376600219793428,13.766002197934279,0.9084147135416667,0.9796122233072917,0.998077392578125
lod_train_proxy,best,83,lod-3487-3488,3487,3488,491520,67.19911263020734,53.915417744992254,0.1675946732047572,9.848602803363587,52.63527832598554,0.2155137484564066,0.07153806904692327,0.21464222830815646,21.464222830815647,0.77513427734375,0.9579427083333333,0.9844746907552083
lod_train_proxy,best,84,lod-3495-3496,3495,3496,491520,73.41439739242914,6.646133730057766,0.29243793899756415,12.54042018248236,30.59060531834948,0.37498426887854985,0.0686673504368839,0.37292292813647016,37.292292813647016,0.8874776204427083,0.9344462076822917,0.9516682942708333
lod_train_proxy,best,85,lod-3497-3498,3497,3498,491520,87.03657128797325,-10.775952187407645,0.20198864162646352,11.164152899719328,32.61940051684375,2.5812191613546815,0.2562050932985679,2.5633210827694692,256.33210827694694,0.7566975911458333,0.830755615234375,0.8915568033854167
lod_train_proxy,best,86,lod-3515-3516,3515,3516,491520,23.324570842660563,53.82853147229567,0.5007543613385806,29.38313870737266,46.470919900874506,0.4734505853809762,0.16917280233537355,0.46871406402697857,46.87140640269786,0.3456644694010417,0.6843058268229166,0.7650349934895834
lod_train_proxy,best,87,lod-3539-3540,3539,3540,412349,55.97559335416884,-17.1393458546073,0.2910873412484709,4.74815494417852,11.740967661680399,2.372460918438433,0.22529891842302943,2.3600669484819963,236.00669484819963,0.7338371137070783,0.8376399603248704,0.938663607769147
lod_train_proxy,best,88,lod-3557-3558,3557,3558,359520,65.09109174367401,-18.15013374479506,0.2882683513592375,5.062353939398251,9.667256707329626,2.785711346054739,0.2487961280242077,2.7614031197409816,276.14031197409815,0.9371606586559857,0.9456247218513574,0.9496578771695594
lod_train_proxy,best,89,lod-3571-3572,3571,3572,362010,72.8245572021263,-21.86160839660377,0.132582939300768,4.35566628397767,12.430429187420025,1.465282665328,0.08567126932166855,1.4622275610355466,146.22275610355467,0.9573520068506395,0.9821938620480097,0.9859589514101821
lod_train_proxy,best,90,lod-3577-3578,3577,3578,341036,82.01421516650078,-22.545260729011478,0.3040230665561477,18.77711042549372,11.875336946364257,1.0757166287002957,0.06120472766833094,1.0741534664999277,107.41534664999277,0.9544945401658476,0.9646928769983227,0.9755861551273179
lod_train_proxy,best,91,lod-3589-3590,3589,3590,446696,80.58398797571999,-24.279730597118235,0.3382160588256954,7.060953781358908,13.912493936615531,4.27173682126604,0.5968955565698766,4.185278804037341,418.5278804037341,0.6721998853806616,0.7364471586940559,0.7990445403585437
lod_train_proxy,best,92,lod-3595-3596,3595,3596,378575,82.90287287901245,-10.374618363687441,0.06736208880679505,2.102684322948725,11.94144348167408,0.7463573815702467,0.0369103698216152,0.7461681138646395,74.61681138646395,0.9736538334544014,0.9861480552070263,0.9896982103942416
lod_train_proxy,best,93,lod-3649-3650,3649,3650,478905,81.08263484617817,21.323072762955174,32.61929213620545,2222.4582181539886,24.115226261049433,0.73241881493419,0.10390432928024197,0.7263752627945559,72.63752627945559,0.8417849051482027,0.9070984850857686,0.9223227988849563
lod_train_proxy,best,94,lod-3675-3676,3675,3676,405651,42.49002549256484,11.744261276938571,1.1695952479030385,25.015671310125644,19.87690729779315,0.2694431982486046,0.049074888205527786,0.26827504191648305,26.827504191648305,0.919802983352685,0.9455369270629186,0.955441993240495
lod_train_proxy,best,95,lod-3685-3686,3685,3686,486467,67.54477455375476,-5.388671717221667,0.20938561893981636,7.718740536848791,41.43739412666754,0.33508351511633644,0.08540538748395698,0.33496703278292006,33.496703278292,0.6449317219873085,0.9119590845833325,0.9797540223694515
lod_train_proxy,best,96,lod-3703-3704,3703,3704,465318,106.27281013611,-46.785905028065756,0.15271850873394158,7.727722929085427,45.88862502749647,0.4462120883269952,0.06639479158913111,0.44618559556489856,44.618559556489856,0.8520560133070287,0.983808922070498,0.9976811556827804
lod_train_proxy,best,97,lod-3705-3706,3705,3706,380330,33.63064285529669,84.13850713998066,0.3477724465814628,24.89964826131615,36.13321472256153,0.3206733169607097,0.08776574978485702,0.31956319595699706,31.956319595699707,0.7082481003339205,0.937772460757763,0.9710961533405201
lod_train_proxy,best,98,lod-3731-3732,3731,3732,320218,78.79271492933863,-40.344254632594115,0.11075397898095508,6.424530970467591,9.01548884684514,1.1935566133703643,0.057027153630112654,1.1920454577635171,119.20454577635171,0.9637122210494101,0.9864061358199726,0.9896913977352928
lod_train_proxy,best,99,lod-3829-3830,3829,3830,491520,64.98940655398187,-20.801570083217477,0.24715637775266555,10.72455497786898,30.918782802695286,1.1438716215585059,0.12832826682095347,1.143569637266172,114.3569637266172,0.6487894694010417,0.8348103841145833,0.9268330891927083
lod_train_proxy,best,100,lod-3875-3876,3875,3876,491520,-13.939088180077803,203.0316538763087,0.5565092420200054,51.48908647747712,78.71421334438791,0.5469628419445143,0.1872912501349037,0.5396280496283938,53.962804962839385,0.343988037109375,0.5943196614583334,0.7890340169270833
lod_train_proxy,best,101,lod-3961-3962,3961,3962,491231,72.31980234019962,13.018987547408967,0.11199092255011033,2.511924229319939,13.92431197688805,0.15511091275476963,0.03814795859893387,0.1540282280384433,15.40282280384433,0.8836087299050752,0.9712884569581317,0.9944893542956369
lod_train_proxy,best,102,lod-3969-3970,3969,3970,491520,82.43384885893855,-47.9205610329448,0.18509301924000238,4.946004954521268,15.220067332904556,0.27704371511519205,0.06402279630123646,0.27417878628249426,27.417878628249426,0.8023335774739583,0.9037394205729167,0.9332051595052083
lod_train_proxy,best,103,lod-3979-3980,3979,3980,491520,73.91009757524662,-33.69601228606435,0.10403931766622501,1.39466493826806,8.460173086354382,1.1158625469872687,0.0767893214097437,1.1144495146013775,111.44495146013776,0.894390869140625,0.93963623046875,0.9569661458333333
lod_train_proxy,best,104,lod-4019-4020,4019,4020,491520,63.46354993288604,30.474137280242687,0.07608261116759048,2.189405171016902,13.388229258602244,0.15278212333415764,0.027036133594375365,0.15248512828705044,15.248512828705044,0.9402058919270834,0.9893778483072917,0.9945882161458334
lod_train_proxy,best,105,lod-4135-4136,4135,4136,491510,78.88657888392937,-27.493065398515267,1.1760252448079864,126.56297455611634,29.430300222075456,4.844324375791664,0.7150954292025783,4.749327650890929,474.93276508909287,0.8045085552684584,0.830857968301764,0.8502126101198348
lod_train_proxy,best,106,lod-4149-4150,4149,4150,491520,66.22031070085228,13.728471785944276,0.08256843085911648,2.3507404072967164,21.19897587199962,0.15139227928579785,0.03475995646310926,0.1513832300997812,15.13832300997812,0.9323811848958333,0.97177734375,0.9885274251302083
lod_train_proxy,best,107,lod-4197-4198,4197,4198,491520,63.66004824686984,42.98431626943107,0.15120665169859543,7.023270295198967,19.577421462640714,0.24252747602694924,0.045340286713819296,0.24239564437187583,24.239564437187582,0.8482096354166667,0.958306884765625,0.985809326171875
lod_train_proxy,best,108,lod-4219-4220,4219,4220,491520,59.339614643243706,117.22081320614706,0.11331298465779586,11.767182561279174,31.54472430001819,0.20758874509161568,0.03507280705960361,0.20730398116353474,20.730398116353474,0.936004638671875,0.969317626953125,0.9788818359375
lod_train_proxy,best,109,lod-4389-4390,4389,4390,491520,81.46024697808305,-35.864210440694876,0.08221648291546482,1.381743955321982,13.837109038257783,0.14328501599688628,0.036951139399367575,0.14239704802472605,14.239704802472605,0.881683349609375,0.9851521809895833,0.9963541666666667
lod_train_proxy,best,110,lod-4413-4414,4413,4414,491520,63.03525437857745,-8.059110108173556,0.0932146628248174,2.1840863933501824,16.67638083355434,0.1430496772983755,0.0398466045567168,0.14299347547052682,14.299347547052681,0.9136067708333333,0.9779134114583333,0.9959696451822917
lod_train_proxy,best,111,lod-4427-4428,4427,4428,491486,59.273317243493,-7.086849090826684,0.12348634585728109,3.5560095499983078,26.576724968750767,0.37173047598577597,0.064146345939526,0.3691487253415273,36.914872534152735,0.8482316892037617,0.937601477966819,0.9630813492144232
lod_val,best,0,lod-0053-0054,53,54,491520,51.17557179445029,72.75819323717975,0.20215996651678497,20.82640589084276,45.8071947824202,0.2766614592172036,0.06746696762308817,0.275824615375325,27.5824615375325,0.8407816569010417,0.924285888671875,0.9635152180989583
lod_val,best,1,lod-0095-0096,95,96,491520,52.17590063627578,18.176639912431312,0.18047351075868,8.355258717266482,33.28367765803205,0.26366231609286667,0.07263424828791012,0.26252971404780234,26.252971404780233,0.7432169596354167,0.9025248209635417,0.9622456868489583
lod_val,best,2,lod-0205-0206,205,206,491520,59.39654981203486,11.73656805300739,0.35047541331311555,21.894590407916212,52.966338414089954,0.4187621745263754,0.14384770804990293,0.4187413286842648,41.87413286842648,0.4126220703125,0.7642496744791667,0.8658203125
lod_val,best,3,lod-0217-0218,217,218,491520,67.64490888776298,10.789145441449277,0.312599946116576,21.50170717634725,65.39224094475806,0.36039538969779994,0.12005233060435132,0.35603574235013136,35.603574235013134,0.5676534016927083,0.81451416015625,0.9124104817708333
lod_val,best,4,lod-0245-0246,245,246,491520,65.16708232123545,7.1199384837712785,0.1966000956138905,8.58111429463242,32.185760636440904,0.2695857010503268,0.06107506962358519,0.26674407206602485,26.674407206602485,0.8752298990885417,0.92376708984375,0.96007080078125
lod_val,best,5,lod-0261-0262,261,262,491520,61.72030220159313,6.210833119456573,0.13742120982930336,4.115040827170554,24.981302826594103,0.1777029050943563,0.05663549096759667,0.17723329113390066,17.723329113390065,0.8206644694010417,0.9708943684895833,0.9973185221354167
lod_val,best,6,lod-0263-0264,263,264,487573,61.788670706697474,43.33904677811413,56.14154891656817,2767.1708786228523,59.82431556849914,0.8371827766320642,0.18606115127597353,0.812948517700338,81.2948517700338,0.6090513625651953,0.7225133467193631,0.8236981949369633
lod_val,best,7,lod-0355-0356,355,356,491520,80.29541033533225,-17.147200028073822,0.1664435745224318,6.1962452192085635,33.39717477248173,2.8255144151961824,0.27064969731622385,2.805212292227744,280.52122922277437,0.8352620442708333,0.893359375,0.9578389485677083
lod_val,best,8,lod-0375-0376,375,376,491520,72.14833226565378,-16.45826832497762,0.10399494130236196,4.007940923112231,27.31161236483993,0.22228981244832613,0.04458920495461098,0.22214958379734148,22.21495837973415,0.887646484375,0.9687154134114583,0.9869486490885416
lod_val,best,9,lod-0385-0386,385,386,491520,81.9361387512403,-42.94513611805029,0.12172737061272379,2.947460470826596,13.99525178801704,0.251952515506946,0.04077846253033159,0.25150532033658507,25.150532033658507,0.9165852864583334,0.9536580403645833,0.9719502766927083
lod_val,best,10,lod-0459-0460,459,460,491520,84.69993103981703,-42.362022024522176,0.12890980340328265,3.426463639744908,21.843621361678093,1.6316465906197997,0.12417707459950116,1.6262296579257922,162.6229657925792,0.8792561848958333,0.9327473958333333,0.95494384765625
lod_val,best,11,lod-0521-0522,521,522,491520,65.05708241870771,82.29694064360379,0.14428832267437425,11.625464037192604,44.01373280112826,0.22415780828805246,0.04861381754818632,0.22351359873624815,22.351359873624816,0.881378173828125,0.9712076822916667,0.9787679036458333
lod_val,best,12,lod-0543-0544,543,544,491520,35.70236033238275,170.75992909573043,0.09969454329646754,4.047130405411233,32.852308386953005,0.12838246654815189,0.04329370933083607,0.1283434501443898,12.83434501443898,0.9109883626302083,0.9999796549479166,1.0
lod_val,best,13,lod-0569-0570,569,570,491520,65.74004529371322,-9.692564333701775,0.09019494784817546,2.434704818519822,14.948750087164155,0.17029779674408996,0.03466340245452523,0.16988001914324352,16.988001914324354,0.8985026041666667,0.9652689615885417,0.987103271484375
lod_val,best,14,lod-0585-0586,585,586,491520,74.94112167574468,-60.476212064683104,0.3491097870511446,12.576005829038404,48.950269370158054,5.002529580095532,0.7916323367473906,4.866959003976294,486.69590039762943,0.494024658203125,0.714141845703125,0.7760660807291667
lod_val,best,15,lod-0645-0646,645,646,491520,87.61477983978153,-24.98149109404442,0.12636375735014072,4.044665648219792,18.664002033352812,1.1800977476404235,0.09308971757852116,1.1766487091767053,117.66487091767053,0.8723612467447917,0.9324544270833334,0.9561665852864584
lod_val,best,16,lod-0653-0654,653,654,491451,75.27100933548277,-10.854375807190584,1.4829266264089054,90.4828244446216,23.40160127224499,0.7092405638863427,0.05449400861633816,0.7089954578226173,70.89954578226173,0.9456405623348004,0.9713013097948727,0.9805168775727386
lod_val,best,17,lod-0713-0714,713,714,491520,66.97819884255526,-23.10478349168386,0.1547359612390091,5.366094078262657,25.961802532718483,0.6335918423408766,0.06817164840086587,0.6335749787027091,63.357497870270905,0.8280741373697916,0.9415995279947916,0.9805867513020833
lod_val,best,18,lod-0745-0746,745,746,491520,74.60436370419927,26.304361671836524,0.0697988961956059,1.85926814784151,19.861281610489954,0.13551123594955664,0.03218455918129933,0.13548594896069258,13.548594896069257,0.9595113118489583,0.9903035481770833,0.9928466796875
lod_val,best,19,lod-0759-0760,759,760,491520,22.895986937055813,107.13228358079044,0.07443071468709167,3.2139222095861055,21.367375672062437,0.12409726318084816,0.02960355793426422,0.12399885867575997,12.399885867575996,0.9523193359375,0.9538736979166667,1.0
lod_val,best,20,lod-0767-0768,767,768,491501,78.71462154173499,-34.05898077148571,0.1516079001885919,3.2868685507169726,19.03570998384167,1.112499897568607,0.09138100141529626,1.1112592442821554,111.12592442821554,0.8562057859495708,0.9489685677140026,0.9769522340748035
lod_val,best,21,lod-0793-0794,793,794,479806,52.83881512167837,49.16967095985756,45.26632962540601,2258.4051946503864,28.422911390266385,0.6192650191852931,0.09868275908519625,0.6142092435421929,61.42092435421929,0.8700349724680392,0.9118414525870873,0.923196041733534
lod_val,best,22,lod-0827-0828,827,828,491520,77.68398736652702,28.22745073040745,0.14057534637132532,5.246271591567578,36.700499444604,0.17053684202815309,0.06213646808359429,0.1700856964891335,17.008569648913348,0.8519816080729167,0.9961751302083334,0.9992411295572917
lod_val,best,23,lod-0837-0838,837,838,470433,81.47983915757932,-28.050946541403725,0.6891539752519229,77.5668155065964,36.89805797783234,4.841020347643797,0.7063451027086335,4.73024828442597,473.024828442597,0.6206962521761866,0.8535136778244723,0.8724366700465316
lod_val,best,24,lod-0839-0840,839,840,491516,76.73986613408627,45.469044806096406,0.08310375432852489,3.8706406569495284,21.897543524698197,0.12133362531543355,0.028749576607195428,0.12132153658260406,12.132153658260405,0.9826150115153932,0.9975016072721946,0.9977233701446138
lod_val,best,25,lod-0899-0900,899,900,491520,55.750195752827224,-15.912709891170035,0.300656045703913,12.857345884481978,52.09777287745277,0.46142047973612954,0.14764295257472634,0.45244019658238205,45.2440196582382,0.5481099446614583,0.754791259765625,0.8622578938802083
lod_val,best,26,lod-0913-0914,913,914,491199,66.5306961750642,33.81034294269877,0.10361120524268225,6.510377949369001,22.044545792741957,0.17954054280591583,0.02895061461635181,0.17921375900852396,17.921375900852397,0.9337030409263862,0.9731799128255554,0.9835789567975505
lod_val,best,27,lod-0939-0940,939,940,491341,64.1039604725546,3.698612280045021,0.07903707799746361,2.5820076311729805,22.541163178782938,0.15050539260697463,0.033958426973801234,0.15046167229865523,15.046167229865523,0.9326903311549413,0.9778239552571432,0.9913746257690688
lod_val,best,28,lod-1023-1024,1023,1024,491520,55.32606900186829,39.89318763155916,0.19926620830546146,9.666499750558852,45.0511431463258,0.21845769302709822,0.08420869508182455,0.2183467015148277,21.834670151482772,0.6150187174479167,0.9781717936197917,1.0
lod_val,best,29,lod-1133-1134,1133,1134,478953,64.44418773424765,7.743457322251754,6.787386073246113,223.89691643802374,15.002273300583974,0.3334807740638165,0.050522770004257284,0.33302516263214343,33.30251626321434,0.9089346971414731,0.9573277544978317,0.9757867682215166
lod_val,best,30,lod-1143-1144,1143,1144,491506,28.82031949764514,128.28749900094988,0.1303707528231716,7.987795209920596,27.079061491149275,0.13924224107680128,0.043475180690086435,0.13910719670027133,13.910719670027133,0.9241616582503571,0.9974323812934125,0.9991922784258992
lod_val,best,31,lod-1171-1172,1171,1172,490615,58.98673932618875,-1.0010722553373002,0.9139172794518334,6.939063693806161,32.95601044843492,2.1689505027586615,0.18229522317993338,2.1586918225789233,215.86918225789233,0.8721482221293683,0.9370361688900666,0.9511653740713186
lod_val,best,32,lod-1253-1254,1253,1254,491520,61.85469303640465,126.83848870491174,0.09165001190259238,6.713183652021782,34.33636597332817,0.14958251924015922,0.035082227535538864,0.14953122020935855,14.953122020935854,0.9316935221354167,0.9817240397135417,0.995574951171875
lod_val,best,33,lod-1273-1274,1273,1274,487743,64.01429208084575,7.4505095733394775,18.9321659996143,225.66706534554962,18.45052119775456,0.46329835359348137,0.06346396973399095,0.4583685817607502,45.83685817607502,0.8761827437810487,0.9116788964680169,0.9367269238102853
lod_val,best,34,lod-1307-1308,1307,1308,480407,69.51865982480733,-8.290375733337996,21.843853349446864,439.4949705251747,14.334387923284355,0.7013692463158133,0.055421553500360564,0.7012218164118331,70.12218164118332,0.9206672675460599,0.9504191237846243,0.9645862778852098
lod_val,best,35,lod-1311-1312,1311,1312,491520,70.91392918867466,-11.045504576152796,0.048194306009727204,0.48357805794575504,7.470143443690452,0.8728526606917326,0.04013494488630776,0.8721078784123211,87.2107878412321,0.9763081868489584,0.990435791015625,0.9936503092447917
lod_val,best,36,lod-1333-1334,1333,1334,487900,70.76838542266253,30.263603166613546,7.181191223425377,222.13237500363172,19.26222114409924,0.28999902745965356,0.029846161023530656,0.28967146922424336,28.967146922424337,0.9510391473662636,0.9739967206394753,0.9816581266653003
lod_val,best,37,lod-1339-1340,1339,1340,486222,76.80541395259876,-11.784460217979865,8.079601293933184,222.03244794038025,27.253630418041368,0.5724103150772188,0.08795139067084635,0.5651997971789522,56.51997971789522,0.8442398739670356,0.904350276211278,0.9194853379731892
lod_val,best,38,lod-1401-1402,1401,1402,491520,72.05942691050839,40.22291922353401,0.21301110625665362,11.137254529397847,13.943620295673274,0.33310115590972156,0.032841477719216264,0.33164405477658254,33.164405477658256,0.9526774088541666,0.970428466796875,0.974237060546875
lod_val,best,39,lod-1575-1576,1575,1576,491520,42.64452911740596,144.40331814555907,0.1314396536354217,7.972255859620389,44.2748461157068,0.1748005649852505,0.054337220250447564,0.17442321002403358,17.442321002403357,0.8193318684895833,0.9664042154947917,0.9993143717447917
lod_val,best,40,lod-1629-1630,1629,1630,491520,63.2669877789608,76.83067525241208,0.03197065543625245,1.1405718930563915,15.112282552224048,0.08102293170152944,0.013982494681029519,0.08102292817996957,8.102292817996958,0.9842610677083333,0.9886393229166667,0.9977864583333333
lod_val,best,41,lod-1717-1718,1717,1718,491520,65.52439525593638,4.442870405159184,0.32936793146317245,11.708962468627453,26.753983062766835,0.38416482664769885,0.07190420099123207,0.38150545705744343,38.15054570574434,0.8047342936197917,0.9156982421875,0.9564860026041667
lod_val,best,42,lod-1729-1730,1729,1730,491520,53.684723035019886,40.98819495922671,0.1696718569920652,13.94325038435799,41.40403132689897,0.2489450033464234,0.06032947314687362,0.24852577977989382,24.85257797798938,0.8392903645833333,0.9189921061197917,0.9460795084635417
lod_val,best,43,lod-1741-1742,1741,1742,491520,83.4612626643022,-37.796044434087996,0.16544455588548695,10.799005886221153,33.14303126393379,0.26630453137722127,0.06480473783754026,0.26629946020734885,26.629946020734884,0.7947509765625,0.9360249837239584,0.96279296875
lod_val,best,44,lod-1763-1764,1763,1764,491520,68.77426797594211,19.347337209304147,0.12995854114711727,5.384988451758503,23.093801043146485,0.20968213985957992,0.048003559440666616,0.2089052284589297,20.89052284589297,0.8591389973958333,0.9262227376302083,0.9636454264322917
lod_val,best,45,lod-1791-1792,1791,1792,491520,55.98692486980064,-17.771861853308724,0.2937161922197713,8.409652130233322,38.31768692962388,0.3833010049207241,0.09851017306229858,0.3785059013449022,37.85059013449022,0.7522664388020833,0.827899169921875,0.903350830078125
lod_val,best,46,lod-1797-1798,1797,1798,491520,71.2184584529086,-74.27742215788618,0.7183008130835681,34.66796752932929,39.52423500720024,5.668244860957351,1.0972705190217384,5.476569852354212,547.6569852354212,0.18294474283854167,0.34007161458333335,0.46983235677083335
lod_val,best,47,lod-1799-1800,1799,1800,491520,60.92114263257289,6.830276338211012,0.3422673029298486,13.71214147208304,23.53287854883514,0.4030134615873649,0.09271679036865701,0.39664644457039105,39.6646444570391,0.69957275390625,0.8468485514322917,0.9377461751302083
lod_val,best,48,lod-1805-1806,1805,1806,491462,66.01191057954992,29.23383731218272,0.15515820079584117,5.2942279144122395,13.133040204811614,0.1725763673752514,0.020238996491699243,0.17230221347840124,17.230221347840125,0.970331378621338,0.9848248694710883,0.993138838811546
lod_val,best,49,lod-1829-1830,1829,1830,491520,61.956917047986984,14.357494438011612,0.07410172960728117,2.303333873091654,18.10804960367196,0.14129692603239147,0.030569168738563104,0.14129352223946784,14.129352223946784,0.9419759114583334,0.98172607421875,0.990753173828125
lod_val,best,50,lod-1867-1868,1867,1868,480270,63.66114963364435,-16.438796316216628,0.24947965479043283,4.3937456232361205,23.19757713872509,3.9687424770657564,0.5286711520077235,3.8865847099221966,388.6584709922197,0.7122826743290233,0.7859870489516314,0.838182688904158
lod_val,best,51,lod-1877-1878,1877,1878,491520,64.06395665958588,22.680127243955024,0.3161037172250383,7.538003114446609,22.74372021347671,0.3811984852820934,0.05580407542930517,0.37706977304988043,37.706977304988044,0.8977335611979167,0.9333536783854167,0.955584716796875
lod_val,best,52,lod-1905-1906,1905,1906,491520,46.980212784648494,81.75952357049731,0.29879356568643906,18.929198178211873,59.48591065266906,0.3358153744342936,0.11831307587324855,0.3326866631456197,33.26866631456197,0.490771484375,0.8452901204427083,0.96641845703125
lod_val,best,53,lod-1907-1908,1907,1908,462906,63.91072913384821,27.9568754636706,19.72636049795373,631.0641822315919,30.519324212594345,0.5392631541272469,0.09019074131025964,0.5353785366241208,53.53785366241208,0.8167878575779964,0.9299836251852428,0.9507913053622118
lod_val,best,54,lod-2005-2006,2005,2006,483898,32.958341751114034,-2.6292669242908038,0.6081713865560735,5.817373194783558,14.977850506248329,0.6327121776727386,0.07649668887198362,0.6314058453881232,63.14058453881232,0.7957400113247006,0.9267903566454088,0.9723578109436286
lod_val,best,55,lod-2007-2008,2007,2008,491365,27.73497012870982,4.795656712626545,0.33190951311703176,8.35297629369553,56.39153138188201,0.4337844166449764,0.11023832459108657,0.4192866011317956,41.92866011317956,0.631953842866301,0.8583334181311245,0.9354593835539772
lod_val,best,56,lod-2021-2022,2021,2022,491520,75.0583504953317,11.559865387291936,0.20124666007968608,8.165969235730133,37.569207402081396,0.2918263342753428,0.08686372787061626,0.29182585187496773,29.182585187496773,0.6406107584635417,0.8646240234375,0.9592508951822917
lod_val,best,57,lod-2059-2060,2059,2060,471844,68.69301116041015,9.21394123814186,19.722585370339786,254.41274342882502,12.473812761689421,0.5365055254774108,0.05531035371718664,0.5327328737615544,53.273287376155444,0.947457210433957,0.9643886538771289,0.9667284102372818
lod_val,best,58,lod-2153-2154,2153,2154,478855,63.614036518757324,-21.587561851948855,0.45384253691332904,5.683376775881698,12.154441494273064,1.52357460883031,0.11980098467411379,1.5200032173420783,152.00032173420783,0.8478955007256894,0.9213206503012394,0.9456766662141984
lod_val,best,59,lod-2167-2168,2167,2168,477883,95.12053840477618,-38.39249955515188,0.34454077261997235,8.796411184535017,21.12721517151934,0.5292730132021803,0.08056397502364089,0.5274242004590336,52.74242004590336,0.7770730492610116,0.8570884505203157,0.9422201668609262
lod_val,best,60,lod-2169-2170,2169,2170,491520,65.4546121139619,48.61713601830399,0.07384758466897383,1.45637030317399,11.504863494124931,0.13721128842815344,0.028686220304045953,0.13597435049261605,13.597435049261605,0.885791015625,0.97716064453125,0.9975830078125
lod_val,best,61,lod-2185-2186,2185,2186,491031,71.02035741912229,-17.134692975121354,0.17102834256285093,3.781384554861439,14.764325508852233,0.42609642608214987,0.04857745110612758,0.42560988363403346,42.56098836340335,0.8972203384307712,0.9471825607751853,0.9683034268712158
lod_val,best,62,lod-2187-2188,2187,2188,491492,66.73735496145612,2.3262256709542295,0.17546556257740206,4.506208738370161,18.552700524612515,0.266373997017437,0.0528422358276668,0.26377876696499314,26.377876696499314,0.8901223214213049,0.936271597503113,0.9579403123550333
lod_val,best,63,lod-2193-2194,2193,2194,488113,70.84863800739309,13.866014769092335,24.947473467417492,864.4139615025899,13.761814956792529,0.5379646630432922,0.07562095319780007,0.5320682322028527,53.20682322028527,0.897226666775931,0.9231386994404984,0.9336239764152973
lod_val,best,64,lod-2211-2212,2211,2212,488999,60.827848924912935,-18.84173666065821,8.809051935527943,162.95874849909754,15.177118828251771,1.2303357044962866,0.10402019934351839,1.229169977769556,122.9169977769556,0.8015169765173344,0.8955437536682079,0.9611492048040998
lod_val,best,65,lod-2253-2254,2253,2254,483511,31.064352577317116,60.53350869815145,8.346431744907012,514.5916261587815,92.44015598842878,0.7270531411845365,0.199698441293151,0.7058588898242538,70.58588898242539,0.4977756452283402,0.6927887886728533,0.7575939327130097
lod_val,best,66,lod-2277-2278,2277,2278,491520,85.23755855104353,-22.59214267720062,0.24736051929870215,7.36018115939537,16.425622491360453,0.8615564195590357,0.10222436587264697,0.8615552624367049,86.1555262436705,0.7433695475260417,0.811273193359375,0.8838968912760417
lod_val,best,67,lod-2279-2280,2279,2280,466792,71.77446316149181,-2.39359889939626,5.889598900724075,82.94145831852941,9.63251575083186,0.34143138746561896,0.01935706011877878,0.3414149527812793,34.141495278127934,0.9821590772763886,0.9960260672847864,0.9983547275874479
lod_val,best,68,lod-2371-2372,2371,2372,491520,63.87528303306489,30.94813337582268,0.1161950370280586,6.191024050316956,33.307215271607966,0.17973526646590332,0.0454293807423068,0.1788490500565729,17.884905005657288,0.8879435221354167,0.9612813313802083,0.98079833984375
lod_val,best,69,lod-2401-2402,2401,2402,491520,61.02450190887478,50.91920000827576,0.07801383622352852,2.3500570559196365,22.953970067012985,0.10832583437126321,0.03282268851234229,0.10799527600369706,10.799527600369705,0.9451070149739583,0.9935872395833333,0.9992451985677083
lod_val,best,70,lod-2405-2406,2405,2406,489208,67.81915374054093,-26.185115663195457,0.17262777141679986,4.616085433447893,12.291232523061069,2.8103799822863667,0.2594436724321009,2.7859185783103695,278.591857831037,0.864904089875881,0.9349520040555347,0.9489051691713954
lod_val,best,71,lod-2577-2578,2577,2578,491520,58.59836962362502,60.03606333797014,0.08900313183623518,2.6628307007485357,24.005507368266255,0.12847612692646365,0.03716478135458031,0.12780827196625358,12.780827196625358,0.9190572102864584,0.9885721842447917,0.9982706705729166
lod_val,best,72,lod-2585-2586,2585,2586,484286,51.8512435060445,8.10354592442376,10.141505168657842,899.7380310763751,21.01220118851474,0.3668134709187278,0.0681964849250486,0.36503297637778304,36.5032976377783,0.8284939064932705,0.9305038758089228,0.9579463374947862
lod_val,best,73,lod-2657-2658,2657,2658,491439,70.21597127196908,49.85653953224383,0.09685469241031382,3.8870444675660036,12.973002118442995,0.19220716320564857,0.02863962674951324,0.19197964874144083,19.197964874144084,0.9621173736720122,0.9763429438852025,0.9797309533838381
lod_val,best,74,lod-2757-2758,2757,2758,480937,58.5338906792873,89.58188054769067,0.31161432947202283,25.611518825157013,22.61940258283557,0.1928848756306765,0.027019307900193832,0.19252407398511145,19.252407398511146,0.9730588413867097,0.9831869870689924,0.983320060631642
lod_val,best,75,lod-2787-2788,2787,2788,491520,57.781430739256145,38.63928632946375,0.07946984921389505,1.9499421820205116,18.669990265003534,0.11309842093725873,0.033137591199264654,0.11271756564766881,11.271756564766882,0.9491963704427083,0.9924072265625,0.998016357421875
lod_val,best,76,lod-2817-2818,2817,2818,491520,61.22236668439836,17.554640303097578,0.05873105999793117,1.3986324371246384,16.915661369605452,0.09327772207421245,0.02482816406046342,0.09325088093652695,9.325088093652695,0.978619384765625,0.9942159016927083,0.9988688151041667
lod_val,best,77,lod-2911-2912,2911,2912,491520,72.48560736128272,-26.949386945075233,0.08950758670028595,1.8826513276336405,17.995046598574206,0.12764956477848552,0.03773830163077493,0.12742180269742215,12.742180269742216,0.932379150390625,0.9885233561197917,0.9976643880208333
lod_val,best,78,lod-2941-2942,2941,2942,491520,-27.422614573514767,282.8810203790389,0.6445623455734976,83.36652555303087,103.95942234270282,0.6009745670802566,0.19500764544586563,0.5945364204324799,59.45364204324799,0.34962158203125,0.581427001953125,0.77259521484375
lod_val,best,79,lod-2963-2964,2963,2964,491520,71.12366451828696,4.8784840573374,0.07996922493431928,1.5640328360790732,14.533388509868757,0.1294701067433101,0.03197802917835439,0.1284881433198931,12.848814331989312,0.916461181640625,0.9849100748697917,0.9979593912760417
lod_val,best,80,lod-2965-2966,2965,2966,491520,75.04333002509487,-0.6049368222205532,0.0955487681942968,2.202380166574372,11.985838392869143,0.16605940897473373,0.03481180008885241,0.16424340468373408,16.42434046837341,0.89776611328125,0.96748046875,0.9888448079427083
lod_val,best,81,lod-2989-2990,2989,2990,491520,63.58551133739146,0.6381052461439766,0.08021858167392906,1.3844712904684409,15.278140458071436,0.10514811798951239,0.0346614305731564,0.10510395861012886,10.510395861012887,0.964501953125,0.9982035319010417,0.9998250325520833
lod_val,best,82,lod-3033-3034,3033,3034,491520,89.5145923760796,-47.99592634500391,0.24495551091282508,10.311942666494492,34.88746990489148,0.3651270387015117,0.11333900445098608,0.36171384395872463,36.171384395872465,0.566046142578125,0.7961832682291666,0.93016357421875
lod_val,best,83,lod-3101-3102,3101,3102,472340,66.17918038077873,-3.564635255352986,1.746876353762751,31.54854209266386,8.082684360966928,0.3775120769862217,0.0533673347297329,0.3756266657441536,37.56266657441536,0.8527459033746877,0.9486048185628996,0.9722742092560444
lod_val,best,84,lod-3109-3110,3109,3110,465914,69.16315990395171,-4.101885290856116,1.4294736488948203,33.8388743307784,9.461273784881032,0.7812217648551162,0.055665390016260564,0.7812204400761752,78.12204400761752,0.9144412917405358,0.9592950630373845,0.9739072017582644
lod_val,best,85,lod-3113-3114,3113,3114,458356,70.4467922183795,-6.428211715204682,1.2342974131650142,19.189446898257017,15.260485809597188,0.7265543396789376,0.055973349180717516,0.7263317266164984,72.63317266164984,0.8963709431097225,0.9603037813402683,0.9738063863023502
lod_val,best,86,lod-3127-3128,3127,3128,482942,71.51800482930477,18.100517716021,0.45855455376253434,12.207228413612967,9.330440035497512,0.2296611080580629,0.028568036694429748,0.2290160476341747,22.90160476341747,0.9409452894964613,0.973748400429037,0.982521710681614
lod_val,best,87,lod-3153-3154,3153,3154,490340,65.02267925726137,26.925472617690293,0.45726085108481135,26.1765738685249,12.930067989057294,0.22803319574357991,0.0336706356465588,0.22672618557598742,22.672618557598742,0.9391014398172697,0.9576090059958396,0.9716523228780031
lod_val,best,88,lod-3241-3242,3241,3242,491509,85.3032243932125,19.80414264924754,0.1995425819910928,8.021282589783679,11.8956660886861,0.2787117864218109,0.03331237957802677,0.27732866082380303,27.732866082380305,0.9575206150853799,0.9812312694172436,0.9842932682819643
lod_val,best,89,lod-3271-3272,3271,3272,491482,71.55366740971323,4.41580613808856,0.08582130952490444,1.5784300985053972,12.088570065193766,0.16925104360285312,0.037524418259020705,0.16919026039179294,16.919026039179293,0.8972251272681401,0.9659499228862909,0.9885245034406143
lod_val,best,90,lod-3287-3288,3287,3288,491520,24.199318303816653,54.4404555826421,0.5157224306623,38.03048888812314,80.31274401157907,0.5094679674548641,0.19214709675507927,0.4952235100834907,49.52235100834907,0.255133056640625,0.4538675944010417,0.775775146484375
lod_val,best,91,lod-3437-3438,3437,3438,486547,68.43700593475191,10.292835832285487,0.08033802339071736,2.194162789284305,10.164237242165582,0.10448550444016816,0.020451109557273476,0.10445358838771368,10.445358838771368,0.9841865225764418,0.9922802935790376,0.998086515793952
lod_val,best,92,lod-3457-3458,3457,3458,491520,65.53379140574359,23.98471970335627,0.3232043197932156,18.42039512567984,33.88683913642624,0.3985254347264744,0.0901434707511454,0.3962047635458616,39.62047635458616,0.7253092447916667,0.8783528645833333,0.9252848307291667
lod_val,best,93,lod-3459-3460,3459,3460,491520,71.55436994772143,-18.270663675059236,0.17314214387659602,4.102448021780136,15.412526865396334,3.292172674028272,0.3252649613607884,3.2650858318331304,326.508583183313,0.8061319986979166,0.8675028483072916,0.9166035970052083
lod_val,best,94,lod-3463-3464,3463,3464,491520,60.35972005864329,52.04600714025055,0.28335976251932504,16.553886350864577,25.265906090273248,0.38279986768049745,0.06286962294489712,0.3801643842563608,38.01643842563608,0.857672119140625,0.9307047526041666,0.9522725423177083
lod_val,best,95,lod-3509-3510,3509,3510,491520,59.65126799800011,-56.91112990114526,0.5561814146565077,34.52666539699253,66.14493434317772,5.9041155737636055,1.0780171705209391,5.712705783246692,571.2705783246693,0.35230916341145835,0.5908854166666667,0.7107320149739583
lod_val,best,96,lod-3561-3562,3561,3562,400173,75.20424960995008,-28.636961767100985,0.20354766430432936,7.910214300365062,15.5564135549484,2.3786312878333407,0.18804911020351672,2.3649838139611665,236.49838139611666,0.9084470966307072,0.9386040537467545,0.9487646592848593
lod_val,best,97,lod-3679-3680,3679,3680,491520,60.84571542714522,123.21657251815068,0.09348085159557064,5.645164445560573,34.229936555172266,0.14646458602404652,0.03672094808334245,0.1461607512255965,14.61607512255965,0.9238260904947917,0.97557373046875,0.9921305338541667
lod_val,best,98,lod-3715-3716,3715,3716,445202,78.48925917867868,-40.29004507473258,0.7058869151131585,23.449064359294233,31.682664062629392,1.434364548462099,0.1365834895221148,1.4291550742465418,142.91550742465418,0.8893738123368718,0.9253956630922593,0.9363030714147735
lod_val,best,99,lod-3759-3760,3759,3760,491520,59.423969950314344,76.84187756077085,0.06328348160742543,2.6898855227705165,22.589261919313934,0.1095632828862562,0.02621332058236418,0.10952466754033977,10.952466754033976,0.9455485026041667,0.98975830078125,0.9969868977864583
lod_val,best,100,lod-3763-3764,3763,3764,491503,66.69867627942986,34.14289055383542,0.41670148150871966,40.24498559423118,58.77523558937676,0.3980186595288871,0.10945004240749863,0.39599245974668257,39.59924597466826,0.5627005328553437,0.8601595514167767,0.9759391092221207
lod_val,best,101,lod-3787-3788,3787,3788,491505,76.41362207898588,13.283707068745132,0.11661665594205209,3.0692819860463265,17.258591810554627,0.18676206533442513,0.047787664801165655,0.18671239792238525,18.671239792238524,0.8508580787581002,0.9739921262245552,0.989603361105177
lod_val,best,102,lod-3835-3836,3835,3836,491520,78.77109869961406,-38.32373763167544,0.4397747158039251,26.54426294577612,52.8634131192545,0.582232918370058,0.14929159050217042,0.5804810450125999,58.04810450125999,0.5432942708333334,0.73966064453125,0.8321980794270833
lod_val,best,103,lod-4043-4044,4043,4044,491520,51.88913914987132,68.03366636648958,0.17391464765661255,11.31817315994743,45.755936152356,0.2715228997670095,0.06870436207606537,0.2700626663266375,27.00626663266375,0.820361328125,0.8819539388020833,0.9456766764322917
lod_val,best,104,lod-4089-4090,4089,4090,491520,62.19427423335992,42.154533500445474,0.0648787706835217,3.1375772212633612,28.294999378063903,0.10180439348341179,0.026810065009568156,0.10167604608969302,10.167604608969302,0.9655782063802083,0.9896748860677084,0.9994873046875
lod_val,best,105,lod-4139-4140,4139,4140,491520,85.24208893448548,-46.99819430489938,0.1273268516373156,2.206807973285033,16.558473776584282,3.660725165068488,0.3966089649008609,3.6108787030917933,361.0878703091793,0.8794148763020834,0.91273193359375,0.924822998046875
lod_val,best,106,lod-4175-4176,4175,4176,491520,64.28753373439513,-31.501669639200795,0.2595281694402588,11.40198807349205,24.48875766950273,1.9704545849733246,0.19529276378611973,1.9627907551538435,196.27907551538436,0.7363667805989583,0.8331339518229167,0.8966044108072917
lod_val,best,107,lod-4397-4398,4397,4398,491520,80.8206591622781,22.06659966381696,0.2352606040512317,16.132943211326907,27.295544339654537,0.322273803494452,0.057848112627705624,0.3208026063201381,32.080260632013804,0.86395263671875,0.9396240234375,0.9696818033854167
lod_val,best,108,lod-4409-4410,4409,4410,491520,68.88234064353885,-17.516508900061933,0.20615455459239954,8.617218919613515,28.42948067790549,0.27971884124808866,0.08030942510312651,0.27904956263786235,27.904956263786236,0.7245259602864583,0.8291219075520834,0.9744954427083333
lod_val,best,109,lod-4411-4412,4411,4412,491520,60.33582798027684,12.167129537449572,0.15913526432585498,4.725333470190966,26.421321233202395,0.2004652014310658,0.06565829668351006,0.1997298384610859,19.97298384610859,0.8046305338541667,0.9641581217447917,0.9928181966145834
lod_val,best,110,lod-4449-4450,4449,4450,491520,72.0488408775645,30.928812307287345,0.026363086361843282,0.3408336767170306,6.981867600630528,0.05152972181626423,0.011067032234253812,0.05141876420341587,5.141876420341587,0.9921793619791667,0.99874267578125,0.999481201171875
lod_val,best,111,lod-4459-4460,4459,4460,489811,65.66602132837902,23.63890577663133,1.2053627177856883,83.7243086517868,16.276923591336068,0.25413596041989395,0.031881496638414844,0.2539808017296293,25.398080172962928,0.9283948298425311,0.9781037992205157,0.984167362513296
lod_train_proxy,last,0,lod-0031-0032,31,32,491473,72.78555521483136,-19.50432445119305,0.17691372154074697,3.377460146863111,13.112540748864912,0.8181549491132691,0.05644986483363631,0.8175178687904475,81.75178687904476,0.9151245337994153,0.9657641416720756,0.9787211098066425
lod_train_proxy,last,1,lod-0185-0186,185,186,491520,70.53323753384966,-26.667342184171126,0.10953036920349234,2.5783741107347726,16.776685162089446,0.16994957200254804,0.04430057407598062,0.16943931787407346,16.943931787407347,0.8464396158854167,0.96138916015625,0.99532470703125
lod_train_proxy,last,2,lod-0275-0276,275,276,491520,64.12184707888684,60.32205077897444,0.22024649882161482,16.82300518467519,82.90268099700546,0.2660423073985448,0.09589967573049471,0.26572139190869937,26.572139190869937,0.5345723470052083,0.94832763671875,0.9903361002604166
lod_train_proxy,last,3,lod-0293-0294,293,294,491520,67.28794922637485,16.991247386776752,0.42952883025779626,30.63544380587783,73.64878903308737,0.4802737960652387,0.1594779548683241,0.47227773803483375,47.22777380348337,0.417108154296875,0.7084798177083333,0.8450764973958333
lod_train_proxy,last,4,lod-0331-0332,331,332,491520,69.85646121518491,19.61754760730907,0.299033219293694,16.246314244206623,41.31700787381129,0.34902230526819394,0.10613242778998572,0.34560736573948797,34.560736573948795,0.6143534342447917,0.8563252766927083,0.9359903971354167
lod_train_proxy,last,5,lod-0363-0364,363,364,490982,60.732384620088666,-7.195583044385643,0.11806353641443343,4.065384100805017,24.79493803963442,0.7481477184637272,0.055683535550784626,0.7476072163778019,74.7607216377802,0.91481561442171,0.9666118106162751,0.9839627521986549
lod_train_proxy,last,6,lod-0377-0378,377,378,491520,80.85461532114269,-47.2875996872301,0.18533372033392712,7.820159010692364,32.95021055740338,2.4138379571763613,0.21875473787108704,2.401469223094946,240.1469223094946,0.7502665201822917,0.88338623046875,0.928399658203125
lod_train_proxy,last,7,lod-0395-0396,395,396,491520,51.636632808200666,58.472442056150115,0.09818415987693913,4.350919967080581,28.570682832819813,0.1494383258763863,0.041002498051747834,0.14923593520299364,14.923593520299363,0.8488911946614583,0.986651611328125,0.9987263997395833
lod_train_proxy,last,8,lod-0399-0400,399,400,491520,74.33369495562187,-27.544723037566964,0.30541715572502376,16.611702181881082,25.83633331752255,3.715353567700812,0.4280918376283675,3.6761294479852844,367.6129447985284,0.7646464029947917,0.8010884602864583,0.8377665201822917
lod_train_proxy,last,9,lod-0427-0428,427,428,491520,160.4345872053605,-317.3394847858965,0.6137541618396719,42.23830282318947,54.36486959207717,3.053487301875473,0.4116773186759318,3.0404429322940048,304.04429322940047,0.44403076171875,0.6313130696614583,0.7222676595052083
lod_train_proxy,last,10,lod-0545-0546,545,546,491520,47.3530538277289,105.8758636952003,0.31649870044501965,33.452561909655884,67.96595405807446,0.3931301096252463,0.10883494595584225,0.3903513183571751,39.035131835717515,0.6527079264322917,0.8186848958333334,0.8981831868489584
lod_train_proxy,last,11,lod-0567-0568,567,568,491520,75.09993185671453,-14.579599359504233,0.08279044755837234,2.1041786859204135,18.39624121909623,0.13628609898807556,0.035858437404960926,0.13619323640117834,13.619323640117834,0.9594807942708333,0.9910054524739583,0.99449462890625
lod_train_proxy,last,12,lod-0619-0620,619,620,491520,65.17523327031529,13.316272099828298,0.08045421607396716,2.4394484135585945,20.002035244914172,0.17328611263528837,0.03688230381945731,0.17324789291732778,17.324789291732777,0.9005147298177083,0.9648783365885417,0.9853068033854167
lod_train_proxy,last,13,lod-0671-0672,671,672,491520,30.05572079845363,296.3491478953262,0.053557775069127685,4.278603123859194,33.84530825477759,0.11354578925183634,0.021770445410257643,0.11346934337818484,11.346934337818485,0.915594482421875,0.9896565755208333,0.995556640625
lod_train_proxy,last,14,lod-0705-0706,705,706,491520,62.61302947549402,81.24166590876501,0.13197515967352252,8.468682391877477,45.108480363602446,0.19224884848377627,0.055357026801379085,0.19190437217176315,19.190437217176314,0.8439351399739583,0.9484232584635417,0.990338134765625
lod_train_proxy,last,15,lod-0711-0712,711,712,491513,66.5266196196739,24.7000452590978,0.26284202987394306,31.05377830826062,52.57728530898474,0.3316115482756869,0.066380265536153,0.3306047550489375,33.06047550489375,0.8187270733429227,0.9251637291383951,0.9563633108381671
lod_train_proxy,last,16,lod-0783-0784,783,784,480195,84.66741542137005,-86.9947607139589,24.743100681856767,557.7738754790512,66.24144069869102,3.161822395254129,0.5138428142370538,3.1414067372456165,314.1406737245616,0.340178469163569,0.5119253636543487,0.5835879174085528
lod_train_proxy,last,17,lod-0833-0834,833,834,491520,59.297752623520495,41.262476960352025,0.08294920198467022,4.539802956054105,40.276436953071425,0.1188610404743031,0.035728768398797135,0.11886007779703908,11.886007779703908,0.8962300618489584,0.9993408203125,0.9997314453125
lod_train_proxy,last,18,lod-0851-0852,851,852,491520,61.10021870260815,48.51326721946864,0.11922431921703443,10.813130167072302,46.80236056162201,0.1933676623340434,0.045938050005346474,0.19293869041790906,19.293869041790906,0.871173095703125,0.952471923828125,0.9806254069010417
lod_train_proxy,last,19,lod-0861-0862,861,862,491520,59.71915317495799,46.30413435021899,0.19203332219948568,18.237233805653695,86.48120084107889,0.26085904143490163,0.0848300737663439,0.2595418471418977,25.954184714189772,0.7243977864583333,0.898480224609375,0.9672220865885417
lod_train_proxy,last,20,lod-0893-0894,893,894,491520,71.74414141395464,1.0530653017602312,0.17990121557788993,6.236000345028326,26.16719957769776,0.24947591068549174,0.06405574265272199,0.24701643791394684,24.701643791394684,0.8191853841145833,0.9394775390625,0.9607930501302083
lod_train_proxy,last,21,lod-0983-0984,983,984,471564,57.09677827710456,39.1827708799031,195.2332015262859,8563.268525366082,36.81665286851771,1.3317949693089517,0.2609779466231956,1.2903527074641667,129.03527074641667,0.7644434265550382,0.8104053744560653,0.8321818459424384
lod_train_proxy,last,22,lod-1001-1002,1001,1002,490630,72.97788925025672,-0.7969192369802709,1.3659455915432286,83.07941009179709,26.97741323678121,0.44390207421574185,0.0672670697707772,0.44184498100852115,44.18449810085212,0.9026659600921264,0.9261765485192508,0.9431017263518333
lod_train_proxy,last,23,lod-1065-1066,1065,1066,485183,62.5329795343777,-2.118220230825259,0.72644983174079,17.385007389731978,11.45124529436077,3.2678865609807826,0.36894813663675813,3.2231330805951077,322.31330805951075,0.8726769074761481,0.9002850470853265,0.9139417498139877
lod_train_proxy,last,24,lod-1195-1196,1195,1196,491456,78.4048070594126,-35.73725261664904,0.26821572072951927,8.064247981786583,27.822036976649485,0.26137524286371866,0.06976786314408627,0.26118788041482605,26.118788041482606,0.7433320582107045,0.9340714122932674,0.9717451816642793
lod_train_proxy,last,25,lod-1237-1238,1237,1238,484449,72.29022470479192,-3.9531462160973043,4.807065636223853,38.760796098399865,14.19879916311361,0.4053105081588358,0.058197426168232355,0.40371207124780134,40.371207124780135,0.8290036722131742,0.9280832450887503,0.9574712714857498
lod_train_proxy,last,26,lod-1281-1282,1281,1282,484821,71.25064482096599,-4.997980365265622,2.5175708416607,402.8591494190544,17.748387472914153,0.7262987810016986,0.03127128763593696,0.7259641860009846,72.59641860009846,0.9778351185282815,0.9869539479519245,0.9914999556537362
lod_train_proxy,last,27,lod-1385-1386,1385,1386,491520,61.52634425774703,39.96276192944753,0.05306322661628593,1.1691215190258488,17.78411446031586,0.0795322028296154,0.023565842544038894,0.07950125618283692,7.950125618283692,0.9828206380208333,0.9960835774739584,0.9999186197916666
lod_train_proxy,last,28,lod-1429-1430,1429,1430,478983,68.01234606173838,-1.8086573146788711,32.398343749104086,732.689325348476,14.005912723707745,0.34647522675995845,0.03873157679913764,0.34528024109941,34.528024109941,0.9397306376217945,0.9670677247417967,0.9764668057112674
lod_train_proxy,last,29,lod-1453-1454,1453,1454,491520,69.42675442312267,18.18265653337463,0.15111190603092794,8.854471754192742,54.98038120426544,0.1900767201325263,0.064513304011432,0.18972047676077036,18.972047676077036,0.831622314453125,0.9806315104166666,0.9916666666666667
lod_train_proxy,last,30,lod-1531-1532,1531,1532,491520,66.60540202890638,-17.31712376854558,0.3405585967345724,15.868388202780329,36.81242013570169,0.4092232212567872,0.11857134715004988,0.4085110186267832,40.85110186267832,0.594598388671875,0.7874918619791667,0.894036865234375
lod_train_proxy,last,31,lod-1579-1580,1579,1580,491520,50.43716481797419,130.18469103222915,0.09252413518725605,3.120211815737341,27.48030915170669,0.11732200653422563,0.04009459632260795,0.11723411965266811,11.723411965266811,0.9312784830729167,0.999993896484375,1.0
lod_train_proxy,last,32,lod-1583-1584,1583,1584,491520,19.408788351236275,193.66101699708503,0.09716742549633234,3.41807676830499,29.331439893009414,0.11722278018558824,0.041816852692441744,0.11712537333201316,11.712537333201317,0.9547892252604167,1.0,1.0
lod_train_proxy,last,33,lod-1597-1598,1597,1598,491520,70.47428914915797,-23.438345895484606,0.5351871628870196,37.71485582746448,65.73256479502348,2.8627579701475168,0.35692875658658196,2.846734558316959,284.6734558316959,0.501806640625,0.7562581380208333,0.837042236328125
lod_train_proxy,last,34,lod-1617-1618,1617,1618,491520,61.851233908700586,3.2283570175942695,0.3775101647675957,23.679777431659126,45.48296606137131,0.4661058380220391,0.11571450903213105,0.46332818770863926,46.33281877086392,0.6630513509114583,0.792071533203125,0.8539896647135417
lod_train_proxy,last,35,lod-1709-1710,1709,1710,491520,58.963359827456635,32.67376449451789,0.06803272717653676,1.7065676693005074,18.501716489814353,0.10764194693991164,0.029896843429825463,0.10753629330774399,10.753629330774398,0.942791748046875,0.9946309407552083,0.998846435546875
lod_train_proxy,last,36,lod-1721-1722,1721,1722,445630,70.14159229515032,-10.04589925935216,3.8012303319234935,140.48217690738963,21.876387555987336,2.960519150129883,0.3215621609156718,2.933076049376428,293.3076049376428,0.8263110652334896,0.8811188654264749,0.9037766757175235
lod_train_proxy,last,37,lod-1793-1794,1793,1794,486953,70.60320115865572,0.649284312030788,0.20613904553518175,5.205946914766057,17.875225180151634,0.2528287159448015,0.05883168263029382,0.2514571372593549,25.145713725935494,0.835914349023417,0.9141600934792475,0.9546280647208252
lod_train_proxy,last,38,lod-1841-1842,1841,1842,491520,61.27662108389438,61.88216449791453,0.11035566162510756,4.230771229820588,28.402495367967433,0.17464876082052666,0.04352523964757155,0.1733475596724979,17.33475596724979,0.8211405436197917,0.9575703938802084,0.9930094401041667
lod_train_proxy,last,39,lod-1865-1866,1865,1866,488037,65.14559948653869,-11.472555069402572,0.47477851611720573,7.354852186312643,22.752505490656826,0.5026546359050447,0.05767543695791333,0.5021300862890685,50.21300862890685,0.8764274020207484,0.9510590385565029,0.9799646338289925
lod_train_proxy,last,40,lod-1913-1914,1913,1914,475736,65.5764828482551,-2.7589152380612934,1.399357779791245,19.443624608435474,11.060220453176957,0.3896777387117245,0.06729811370457828,0.381087086377102,38.1087086377102,0.8570614794760119,0.8859010039181394,0.9060508349168447
lod_train_proxy,last,41,lod-1933-1934,1933,1934,477006,66.10756611436902,-0.865626761983386,1.2856780555068712,19.00156531902458,8.572069620420821,0.7275497473300392,0.05567135605587968,0.7272318891886382,72.72318891886383,0.9039907254835369,0.9449482815729782,0.962126262562735
lod_train_proxy,last,42,lod-1937-1938,1937,1938,491520,75.18500989869976,-4.579104785749999,0.08414136291439281,1.070866238188072,7.416132165225959,0.15749373545543294,0.030187782766284303,0.15516735222655542,15.516735222655543,0.90316162109375,0.968536376953125,0.991754150390625
lod_train_proxy,last,43,lod-1943-1944,1943,1944,491060,40.38857787972725,-1.5642080440031216,0.30030222542584584,3.5213191802284456,6.152622874319765,0.2104770392081492,0.03274624458885477,0.20995651229554976,20.995651229554976,0.9219402924286237,0.964607176312467,0.9801755386307173
lod_train_proxy,last,44,lod-2037-2038,2037,2038,491520,8.23962487516715,212.43819380846244,0.26594315508316596,24.002646356397648,65.32427634859361,0.3103765798023698,0.10089013282627057,0.3088872809363029,30.88872809363029,0.55435791015625,0.9103739420572917,0.96175537109375
lod_train_proxy,last,45,lod-2039-2040,2039,2040,491520,57.589346956099625,66.83878599821357,0.0672920782242117,2.53129554812338,26.705577311607907,0.11420119365840221,0.030551013261818912,0.11419600450592977,11.419600450592977,0.9512105305989583,0.9882364908854167,0.994244384765625
lod_train_proxy,last,46,lod-2065-2066,2065,2066,487265,61.19718950852791,-29.874260899490775,1.278040872007554,23.95704444898805,20.159195516512003,1.6520719229825458,0.17692244425412265,1.6513286409444008,165.13286409444007,0.7316860435286754,0.8209824222958759,0.8603142027438868
lod_train_proxy,last,47,lod-2097-2098,2097,2098,491520,55.6070826512092,68.17082291944207,0.07604411249241176,2.2678590072744895,20.51886139802409,0.1128530992116879,0.032441434343375306,0.11280257257492633,11.280257257492634,0.932110595703125,0.9937886555989583,0.99964599609375
lod_train_proxy,last,48,lod-2111-2112,2111,2112,489613,52.920828977255546,-6.439574725516653,15.800071062527499,1034.690584118824,20.385585663979942,0.575010809729227,0.10414645920723323,0.5714733407817906,57.14733407817906,0.7476149530343352,0.8855994428252518,0.9297874035207399
lod_train_proxy,last,49,lod-2145-2146,2145,2146,490986,66.50207072070042,-10.749087971248688,0.8023261784124005,18.838706099307068,13.744746107606357,0.27664537477828494,0.039024480293329306,0.27641829692101705,27.641829692101705,0.9109098833775301,0.9554142073297406,0.9764107326889158
lod_train_proxy,last,50,lod-2173-2174,2173,2174,481969,78.68615028685056,-10.968438067437816,0.08018418315681954,1.6467393181023764,12.106117548841114,0.2593239135213865,0.030848754044507667,0.2591005707055446,25.91005707055446,0.9453056109417826,0.9711765694474126,0.9762889314457984
lod_train_proxy,last,51,lod-2205-2206,2205,2206,487280,69.76470835458441,-19.22104337614467,2.330507293736203,44.4842281331703,15.064673829772273,0.45260562660153425,0.05286061658332561,0.4514263839664654,45.14263839664654,0.8911508783450993,0.939008373009358,0.9622229518962404
lod_train_proxy,last,52,lod-2255-2256,2255,2256,491520,70.31870698926615,14.374670410643347,0.14012676357022166,11.2031803967532,42.311976097937475,0.2710669114245064,0.05264181028735387,0.27058888268877007,27.058888268877006,0.8912699381510417,0.9452962239583333,0.9612813313802083
lod_train_proxy,last,53,lod-2355-2356,2355,2356,491520,63.59217379393244,6.840155729396858,0.16082793067407325,10.269586159912118,37.04921855699488,0.2508648693256113,0.06158763444252519,0.2505313684990383,25.05313684990383,0.826434326171875,0.93509521484375,0.9694295247395833
lod_train_proxy,last,54,lod-2393-2394,2393,2394,491520,58.37430790201708,63.02141841893495,0.0895751118616263,2.6095020853156097,23.106183639655008,0.12166210761572506,0.03760432950902674,0.12134492699586392,12.134492699586392,0.9245096842447916,0.994683837890625,0.9997965494791666
lod_train_proxy,last,55,lod-2403-2404,2403,2404,491520,60.23012916853211,64.37431584120257,0.10730403443118747,4.185133464255234,25.96073945585905,0.1563839856022795,0.04352747635309159,0.1562036807005903,15.62036807005903,0.8874430338541667,0.98118896484375,0.9933878580729166
lod_train_proxy,last,56,lod-2495-2496,2495,2496,491520,57.176297281817845,88.77633717148589,0.1186518022090241,5.40002384866064,32.94786208786901,0.15401608712786613,0.049047176713791045,0.15382635291452992,15.382635291452992,0.8715799967447917,0.9798055013020833,0.9994242350260417
lod_train_proxy,last,57,lod-2733-2734,2733,2734,491520,49.71636757544354,-14.291003986273074,0.28580067028066364,10.841912953544973,36.34799661723506,0.35781808652598945,0.12360237378195013,0.3576403364345984,35.76403364345984,0.438922119140625,0.8043477376302083,0.96141357421875
lod_train_proxy,last,58,lod-2767-2768,2767,2768,486745,74.2426981460461,1.9908766415765151,4.924791043527171,114.49526574389577,11.185827306644033,0.21423770907118703,0.03572968550347827,0.21349528865642917,21.349528865642917,0.8958181388612106,0.9747321492773423,0.990066667351488
lod_train_proxy,last,59,lod-2781-2782,2781,2782,491520,59.29008033728594,52.21866937437828,0.08397214868336958,4.141068118623836,33.9987244544503,0.1262669880887919,0.03475212033397628,0.12606097500484653,12.606097500484653,0.9314554850260417,0.993218994140625,0.9971272786458333
lod_train_proxy,last,60,lod-2783-2784,2783,2784,490016,58.36032580278609,46.747630947066284,13.907649916413325,2216.2195695868486,33.87825307468861,0.4197554409116545,0.07018802626413848,0.41882302340453365,41.882302340453364,0.8322136420035264,0.9536035558022595,0.967613302422778
lod_train_proxy,last,61,lod-2835-2836,2835,2836,491520,65.7807516406039,38.295442932869875,0.05363272551994352,0.9699482834282126,10.066580308231108,0.11095067500371561,0.02086527913284472,0.11047641715202026,11.047641715202026,0.9546366373697917,0.9687398274739584,0.9994913736979166
lod_train_proxy,last,62,lod-2945-2946,2945,2946,491520,67.92465426735005,52.28265699341093,0.06619019606425774,1.4032741618321098,17.181300295447603,0.08879561378842285,0.029051803535256937,0.08847676775314986,8.847676775314985,0.9809814453125,0.9993021647135417,0.9999552408854167
lod_train_proxy,last,63,lod-2953-2954,2953,2954,491520,57.0706246771313,-20.609018818729634,0.17581935371870452,6.0209185175069075,26.93278636364411,0.9628169027635777,0.1057121718189595,0.961253801339395,96.1253801339395,0.7043070475260417,0.9242757161458334,0.9567769368489584
lod_train_proxy,last,64,lod-2971-2972,2971,2972,491518,59.8181096742207,-13.803497908863138,0.21903374817993376,3.3421176183091506,20.19931526608767,4.602534542763173,0.6488952817588267,4.495872143796527,449.5872143796527,0.7869742308521763,0.8256238835607241,0.8537937572988171
lod_train_proxy,last,65,lod-2973-2974,2973,2974,491520,69.18291820235967,44.9693859299725,0.09118996857574027,2.7277927671041664,22.046577930956836,0.15501264413957133,0.0359093856985059,0.15434526946789373,15.434526946789372,0.9235066731770833,0.9714680989583333,0.9882568359375
lod_train_proxy,last,66,lod-2985-2986,2985,2986,491520,56.009566333529904,47.93531383218028,0.18967170418547022,11.790603355545771,39.054386361122624,0.2502657652921421,0.0698862700374243,0.24969807891293333,24.969807891293332,0.783984375,0.9618123372395834,0.9733235677083333
lod_train_proxy,last,67,lod-3021-3022,3021,3022,485609,73.21381617831365,-30.69842350485203,0.1106953230166118,2.604300998113168,15.368797569520815,2.0721726215257124,0.15761158480505935,2.0634300434906288,206.34300434906288,0.8929488539133336,0.9366815689165563,0.9651715680722557
lod_train_proxy,last,68,lod-3037-3038,3037,3038,491520,71.2257927013311,-11.677624853848899,0.11196630388873693,2.74726159909992,15.203569742602168,0.19379495468530364,0.03915491359171882,0.19351255395170394,19.351255395170394,0.9066385904947917,0.9700236002604167,0.980517578125
lod_train_proxy,last,69,lod-3067-3068,3067,3068,491520,71.62289568951961,-1.5305352833707315,0.06328136014619053,1.2410150271319842,16.42585852447163,0.09153325209730914,0.027022094376315378,0.0914780753726646,9.14780753726646,0.9748392740885417,0.9963907877604167,0.9995585123697917
lod_train_proxy,last,70,lod-3095-3096,3095,3096,491397,71.53871358276992,11.104900319199107,0.18879436932462704,4.305127515269496,9.831480831350474,0.18530694525299848,0.031683752999758626,0.18459435267505603,18.459435267505604,0.9277590217278494,0.9673339479076999,0.9839213507611971
lod_train_proxy,last,71,lod-3145-3146,3145,3146,476931,72.82388504237511,-16.81546377065494,0.35349831062699605,13.46493809237058,13.637541271016842,0.884506855362441,0.06942628183876497,0.8842008838857395,88.42008838857394,0.8925798490767008,0.9426353078327893,0.9611432261689846
lod_train_proxy,last,72,lod-3161-3162,3161,3162,491520,71.22777028678777,22.318212382985546,0.05535696030034638,1.449274252632063,18.40049782283653,0.08838375288318566,0.02275542528850856,0.08809630456072115,8.809630456072115,0.9681070963541667,0.9972737630208334,0.998883056640625
lod_train_proxy,last,73,lod-3249-3250,3249,3250,491520,-4.500561518522819,224.83933041141483,0.1527721272350347,7.742419552697995,38.21499387143471,0.19035258731914298,0.06313499405279874,0.18996966901014545,18.996966901014545,0.792413330078125,0.969342041015625,0.997113037109375
lod_train_proxy,last,74,lod-3253-3254,3253,3254,491520,64.6656342831377,13.79400017972703,0.10700971175531736,3.8780220762378703,25.01029842890447,0.19677580895254945,0.041947261308783006,0.195679130771846,19.567913077184603,0.8871561686197916,0.929595947265625,0.9860819498697917
lod_train_proxy,last,75,lod-3259-3260,3259,3260,491520,71.13454652164013,-14.340820714087705,0.06441858640210033,1.6265852293323066,14.176382497539807,0.12290124018339299,0.026561901930874203,0.12280130045734448,12.280130045734449,0.95667724609375,0.98741455078125,0.9925984700520833
lod_train_proxy,last,76,lod-3285-3286,3285,3286,491520,65.61957614807179,-32.410424204977254,0.298058443707764,16.04740419042712,42.06854391766854,0.3632058668893522,0.11736477069576136,0.363095508746978,36.3095508746978,0.5314798990885417,0.80703125,0.9250935872395833
lod_train_proxy,last,77,lod-3291-3292,3291,3292,491495,64.60410414652429,54.84331513500626,0.17350107781426724,9.256551573193468,34.77932911197014,0.29007209579323556,0.06650228986165038,0.2892483859241525,28.92483859241525,0.8364032187509537,0.9044873294743588,0.9278426026714413
lod_train_proxy,last,78,lod-3309-3310,3309,3310,490436,63.944362551603746,27.548700133193584,112.60150627020262,8181.90838098634,39.6855595410873,0.5794128160074183,0.10837194382024475,0.5741024700427287,57.410247004272875,0.7701453400647587,0.8785407270265642,0.9191841545074179
lod_train_proxy,last,79,lod-3357-3358,3357,3358,491520,47.703881984504584,71.99825480845654,0.41720527448922573,46.2314767708091,82.27933604156264,0.46802669035963845,0.13475223702802752,0.4618753443232067,46.18753443232067,0.545074462890625,0.77578125,0.8804890950520833
lod_train_proxy,last,80,lod-3361-3362,3361,3362,491520,68.69194995473349,-6.184298626318731,0.08524643461185269,1.3398189609135243,10.656694630943662,0.15037384726780487,0.034918058159763565,0.1496582745030528,14.96582745030528,0.8796244303385417,0.9796346028645834,0.9941975911458333
lod_train_proxy,last,81,lod-3383-3384,3383,3384,483164,187.2720690086565,-279.3345148719028,4.9588196969359135,238.91035808589697,76.92741940859503,7.078749006560943,1.8141005109793908,6.8616361114824045,686.1636111482404,0.1472957422324511,0.20821915540065072,0.2541414509359141
lod_train_proxy,last,82,lod-3399-3400,3399,3400,491520,54.94262601324757,7.358659062839784,0.09231382994925982,2.6413573093121445,17.435117858021716,0.13974538487636598,0.03793386893965937,0.1396291991101636,13.96291991101636,0.910150146484375,0.978326416015625,0.9979349772135416
lod_train_proxy,last,83,lod-3487-3488,3487,3488,491520,68.2944507286467,48.511814023780346,0.16642732958033996,9.7307791048348,52.12886744527083,0.2141011259480063,0.07094344745741434,0.2132370216375415,21.32370216375415,0.775115966796875,0.958685302734375,0.9855509440104167
lod_train_proxy,last,84,lod-3495-3496,3495,3496,491520,74.95467931281716,0.36189061157410995,0.2863779811730635,12.033955847710542,29.80795858004548,0.37372795189023905,0.06858115367412267,0.37180446221848573,37.18044622184857,0.884503173828125,0.9323404947916667,0.9516988118489583
lod_train_proxy,last,85,lod-3497-3498,3497,3498,491520,88.65574669172958,-17.084706130046523,0.1985362053634097,10.729383280947427,31.820843079482742,2.8414054799038717,0.28616433258565893,2.8193606297590077,281.93606297590077,0.7657491048177083,0.8386698404947917,0.8951375325520833
lod_train_proxy,last,86,lod-3515-3516,3515,3516,491520,24.956515817235314,47.05443221395189,0.4996712930726569,29.282953151660422,46.40742579169239,0.4728732080278312,0.16889816975380995,0.4681477583139858,46.81477583139858,0.33973388671875,0.68436279296875,0.765020751953125
lod_train_proxy,last,87,lod-3539-3540,3539,3540,412349,56.90602965037893,-20.733515466967937,0.31590515350548676,5.166237613776093,12.978808740505476,2.435256159403759,0.2352491483975153,2.4219241108077947,242.19241108077946,0.737649418332529,0.8387918971550798,0.9379118174167999
lod_train_proxy,last,88,lod-3557-3558,3557,3558,359520,65.76140812027242,-18.339186510042023,0.39767188171894124,7.547981121587259,9.486067792978504,2.409359300683977,0.19728914959355442,2.392917861090591,239.2917861090591,0.9396278371161548,0.9481475300400534,0.9529149977748108
lod_train_proxy,last,89,lod-3571-3572,3571,3572,362010,73.86797351444142,-25.080372502055983,0.17221661369675312,5.229581844520323,12.259851158899483,1.386360134303306,0.07977158996995505,1.383757090021634,138.3757090021634,0.9568989806911411,0.9834452086958924,0.9862213751001353
lod_train_proxy,last,90,lod-3577-3578,3577,3578,341036,83.300702373312,-26.043584151225712,0.31209043469361364,19.090571352298365,11.81061123959283,1.0896068675026938,0.06307815814950433,1.0878922534847584,108.78922534847584,0.9551279043854608,0.96401259691059,0.972011752424964
lod_train_proxy,last,91,lod-3589-3590,3589,3590,446696,81.972919684052,-28.238485318887975,0.348016066665496,7.375821774218463,13.765670566673945,4.38064654230657,0.6222900270575406,4.288216349109923,428.8216349109923,0.6749176173505024,0.7401051274244677,0.7985520353887208
lod_train_proxy,last,92,lod-3595-3596,3595,3596,378575,84.11769546838053,-14.31455812025665,0.07008754167282719,2.122701538943789,12.128688277894165,0.6480009052171103,0.03433197668113345,0.647884757728597,64.7884757728597,0.9749164630522353,0.9865495608531994,0.9898038697748135
lod_train_proxy,last,93,lod-3649-3650,3649,3650,478905,82.67373073413994,15.751057443038588,34.65496426018796,2500.0401278295426,25.17159405850072,0.7442668879170425,0.10656116048992331,0.7380682756226135,73.80682756226135,0.8337123229032898,0.9050458859272716,0.9205437404078053
lod_train_proxy,last,94,lod-3675-3676,3675,3676,405651,43.032634774633365,9.334708065073048,1.5306478340805063,39.73032821915561,19.78425416222935,0.2686640939975808,0.04925254628393295,0.267535136002564,26.7535136002564,0.921254970405595,0.94531752664236,0.95560715984923
lod_train_proxy,last,95,lod-3685-3686,3685,3686,486467,70.01999239913384,-11.597921519122268,0.20266917974817233,7.31136096724215,41.19917513795443,0.37567554887686916,0.08323145884688553,0.3754451869012115,37.54451869012115,0.6903983209549671,0.9193470471789453,0.9764423897201661
lod_train_proxy,last,96,lod-3703-3704,3703,3704,465318,105.05158025518433,-49.48647627790951,0.1395219329335636,6.808169088865953,41.984599527952284,0.4048125977556969,0.05963013331685844,0.4047772337951313,40.47772337951313,0.8734521338095668,0.979938450693934,0.9976360252558465
lod_train_proxy,last,97,lod-3705-3706,3705,3706,380330,34.89776076788693,80.07594016777847,0.3446526338288659,24.565896925207063,35.80642808137868,0.3194783688644739,0.08691005978511988,0.3183743745800662,31.83743745800662,0.7097757210843215,0.9368469487024426,0.9715326164120632
lod_train_proxy,last,98,lod-3731-3732,3731,3732,320218,79.9700281676606,-42.596779072614105,0.11305165818781139,6.6593779332172405,9.05645034888214,1.1434026018295431,0.05315115721119367,1.1420811535228712,114.20811535228712,0.9639152077647103,0.9874273151415598,0.9901348456364102
lod_train_proxy,last,99,lod-3829-3830,3829,3830,491520,67.42500117378866,-29.59671773583586,0.24813149255142847,10.448754318503603,30.487136197328525,1.4091834202903584,0.14312810432295833,1.408372304400104,140.8372304400104,0.6449015299479167,0.8262003580729167,0.93314208984375
lod_train_proxy,last,100,lod-3875-3876,3875,3876,491520,-13.135951785147498,201.52907490770565,0.5604767817551869,52.11205285230411,78.94769333185788,0.5478623847100249,0.18804054833335296,0.5404497219264769,54.04497219264769,0.33967692057291665,0.5880594889322917,0.7883544921875
lod_train_proxy,last,101,lod-3961-3962,3961,3962,491231,73.93514323590733,7.210807175653394,0.11282060228778766,2.561763934330627,14.067133146817996,0.15320001741318248,0.03808486466974758,0.15203229422717077,15.203229422717076,0.8894145524203481,0.9739043342134353,0.9941941774847272
lod_train_proxy,last,102,lod-3969-3970,3969,3970,491520,83.95300737678956,-54.24469597355299,0.19846578303511342,5.4913838711262315,15.719326716934784,0.31498447475255215,0.06836503743374298,0.31222011505915476,31.222011505915475,0.7919942220052083,0.8954243977864583,0.9249776204427084
lod_train_proxy,last,103,lod-3979-3980,3979,3980,491520,75.05991565115895,-38.65426352076351,0.10347301880908581,1.3257572575673895,8.3456722528472,0.8498759677644123,0.06413456430679478,0.8492031128018452,84.92031128018452,0.891143798828125,0.940960693359375,0.9587158203125
lod_train_proxy,last,104,lod-4019-4020,4019,4020,491520,64.08220760518309,26.827100655827273,0.0755835772581352,2.1430469177162212,13.308891626431754,0.15136742592720256,0.026766190012910997,0.1510325314811532,15.10325314811532,0.9447163899739583,0.9898274739583334,0.994598388671875
lod_train_proxy,last,105,lod-4135-4136,4135,4136,491510,79.52074707179665,-30.696262066068417,1.1958366732921364,131.49953787187604,29.736904103282093,4.846740458463064,0.7156316881914944,4.751522958875428,475.15229588754283,0.8021342393847531,0.8331447986816138,0.8497060080161136
lod_train_proxy,last,106,lod-4149-4150,4149,4150,491520,67.00870149674623,11.382603671827216,0.08268465622528892,2.4077388381313,21.867172586900235,0.15009063427164734,0.0347334881453936,0.15008763448030832,15.008763448030832,0.931268310546875,0.9716939290364583,0.989593505859375
lod_train_proxy,last,107,lod-4197-4198,4197,4198,491520,64.99654312009768,38.3288117312993,0.15152429857554403,7.007821015651319,19.491228300803417,0.24329286226551722,0.0454279409322967,0.24313146581167197,24.313146581167196,0.84742431640625,0.9567728678385417,0.9857645670572917
lod_train_proxy,last,108,lod-4219-4220,4219,4220,491520,59.63281014043787,114.07613148926302,0.11413809325195216,12.320410244575546,32.08003207907479,0.21045744515609033,0.034878048739055936,0.21017079911807282,21.017079911807283,0.9352396647135417,0.9681050618489583,0.9781636555989583
lod_train_proxy,last,109,lod-4389-4390,4389,4390,491520,82.91495353544032,-40.92522822664873,0.08062421347480453,1.3275224534329815,13.44705948877809,0.14183936492521465,0.03615885472544055,0.14109152552095514,14.109152552095514,0.8846903483072917,0.9862955729166667,0.9960428873697916
lod_train_proxy,last,110,lod-4413-4414,4413,4414,491520,63.67021599067117,-11.568850669439076,0.10324948651990845,2.3087193553576446,16.89363558655728,0.14908896903841823,0.044154370388695734,0.14908051799794672,14.908051799794672,0.9069661458333333,0.9781087239583334,0.9965087890625
lod_train_proxy,last,111,lod-4427-4428,4427,4428,491486,59.40729264431944,-8.761194254941863,0.13242333576771548,3.484904838288064,26.07282016332546,0.3172595103338589,0.06067678789182297,0.3152903295134709,31.52903295134709,0.8508889368161047,0.9388812702701603,0.9658220173107678
lod_val,last,0,lod-0053-0054,53,54,491520,52.00079150510353,70.35659560635538,0.20074043829310637,20.461499255351093,45.44838078537804,0.2752127571661897,0.06706860069210027,0.27438388792105695,27.438388792105695,0.8438130696614583,0.92542724609375,0.9634847005208333
lod_val,last,1,lod-0095-0096,95,96,491520,52.21122722801384,16.977654078462017,0.17906903906976682,8.268343348717687,33.02962647094853,0.26242676384880276,0.07204786371060558,0.2613149336295812,26.131493362958118,0.7434305826822917,0.9006734212239583,0.96451416015625
lod_val,last,2,lod-0205-0206,205,206,491520,61.16241010521636,3.5038572980390192,0.3425653187597733,21.25102295510008,52.41838560937499,0.4139977556822443,0.14086285686168748,0.4139737905351806,41.39737905351806,0.42806396484375,0.766632080078125,0.873876953125
lod_val,last,3,lod-0217-0218,217,218,491520,68.17000197699909,5.208955942719292,0.30516749675816396,21.022350256951366,64.9245616650628,0.3543788997213883,0.11740141667043481,0.3500891444702121,35.00891444702121,0.5828999837239583,0.8232035319010417,0.911639404296875
lod_val,last,4,lod-0245-0246,245,246,491520,66.20079350451799,4.02219968304699,0.1840295507467097,8.081972327130455,31.74323532075823,0.25764359814317145,0.05790735711403167,0.2549810258060599,25.49810258060599,0.8770406087239583,0.9302286783854167,0.9642822265625
lod_val,last,5,lod-0261-0262,261,262,491520,61.575250544386414,3.7529674421355455,0.14573975019299598,4.625647170958865,25.969128153416197,0.18901048785190921,0.059539396838297724,0.18851560989918334,18.851560989918333,0.8006856282552083,0.959478759765625,0.995489501953125
lod_val,last,6,lod-0263-0264,263,264,487573,62.458826242985204,38.72450194897139,52.26081488070466,2405.0158345728228,59.67464165539782,0.8290045513533809,0.18499393788576857,0.8047940629707926,80.47940629707927,0.6004516246797915,0.7222713316775129,0.823370038948014
lod_val,last,7,lod-0355-0356,355,356,491520,80.52485529160964,-21.161623313634703,0.16752169496860433,6.304147283187024,33.97676766432408,2.780844694846322,0.26465745418510356,2.7616403412184245,276.16403412184246,0.8357564290364583,0.892010498046875,0.9587870279947917
lod_val,last,8,lod-0375-0376,375,376,491520,72.55363930950924,-19.541914677304216,0.10257641366577319,3.8689334335530736,27.08997448349377,0.18117063514578374,0.043526163554488566,0.18094186996440706,18.094186996440705,0.8740254720052083,0.9708984375,0.9877950032552083
lod_val,last,9,lod-0385-0386,385,386,491520,82.22658424072151,-49.91247699320796,0.12472967757505524,3.0342405147218345,14.517576971350609,0.2324408977088957,0.04213677076767881,0.23207669918686444,23.207669918686445,0.91363525390625,0.952703857421875,0.9721903483072917
lod_val,last,10,lod-0459-0460,459,460,491520,85.48966983933495,-46.647367457718374,0.13013780545191564,3.3947168190913457,21.19931236934661,1.5573948458923559,0.11866849454851482,1.552427099102844,155.2427099102844,0.868792724609375,0.9324137369791666,0.9546834309895833
lod_val,last,11,lod-0521-0522,521,522,491520,65.16813543850604,80.55315899233064,0.14136291407508203,11.631028338003508,43.514013892865584,0.22378450124072938,0.047106187280625544,0.22314754677573678,22.314754677573678,0.8828755696614583,0.9718668619791667,0.9787760416666667
lod_val,last,12,lod-0543-0544,543,544,491520,36.5230122761967,167.45145086099953,0.09803911606830058,3.905678201926974,32.24352091165677,0.12642642759565267,0.042612557565086834,0.1263910805204472,12.63910805204472,0.916680908203125,0.999993896484375,1.0
lod_val,last,13,lod-0569-0570,569,570,491520,66.46209474205139,-12.87340557300531,0.09542945889032767,2.561552029908522,15.006109846822184,0.17447967964695105,0.03606408975317099,0.17396112239323505,17.396112239323504,0.8970621744791667,0.9628214518229167,0.987176513671875
lod_val,last,14,lod-0585-0586,585,586,491520,75.57545049955672,-64.26874836716915,0.3437277650434562,12.422039930848856,48.86560434411715,4.846832729641826,0.7493771978499448,4.723103088888448,472.31030888884476,0.4884724934895833,0.72177734375,0.7823872884114583
lod_val,last,15,lod-0645-0646,645,646,491520,87.42494533590266,-28.133834728927102,0.12347318934385197,3.7476790862337284,18.122290813798806,0.8836908400704422,0.07532049992199698,0.8814661605367707,88.14661605367708,0.86455078125,0.9337870279947916,0.9583414713541667
lod_val,last,16,lod-0653-0654,653,654,491451,75.37977899510308,-13.3137053828029,1.6896296468793632,118.16271469297283,23.295442230633668,0.4628246551730099,0.04672190160061887,0.4627615475561414,46.276154755614144,0.9491098807409081,0.9720297649206127,0.9810296448679523
lod_val,last,17,lod-0713-0714,713,714,491520,65.88286226764109,-22.885402844415253,0.16369614233325566,5.704748272755867,27.043453017124822,0.3914969570027319,0.06379140975990134,0.39117366351500144,39.117366351500145,0.8169820149739583,0.9389628092447917,0.982086181640625
lod_val,last,18,lod-0745-0746,745,746,491520,74.93663762285563,22.97285165505734,0.06563639349469517,1.7294383905845636,19.182428371839023,0.13370469005978544,0.030376697158256655,0.13367095642320342,13.367095642320342,0.96551513671875,0.9896402994791667,0.9928324381510417
lod_val,last,19,lod-0759-0760,759,760,491520,22.724158406630707,106.66745316580503,0.07626132035933988,3.2418789088417124,21.510400257191357,0.12476843065684105,0.030412672445137266,0.12466810415092221,12.46681041509222,0.9523213704427084,0.9539693196614584,1.0
lod_val,last,20,lod-0767-0768,767,768,491501,79.01566491132431,-37.89712547080982,0.14919367259706381,3.2751337342871407,19.138322286472327,1.1914757365357027,0.09564969563063026,1.1899679577239468,118.99679577239468,0.846370607587777,0.9472371368522139,0.9739756378929035
lod_val,last,21,lod-0793-0794,793,794,479806,53.93522874026052,44.27201494787108,41.40389826068196,1897.4112369152115,28.660236774301378,0.6111834650689734,0.09670290845195853,0.6061310116958127,60.61310116958127,0.874380478776839,0.912864782849735,0.9256428639908629
lod_val,last,22,lod-0827-0828,827,828,491520,78.25495456957847,23.01115722876918,0.13713956848603354,5.04745568567744,36.06066615063865,0.1662659881812206,0.060499632672116214,0.16583120255445397,16.583120255445397,0.8548238118489583,0.9961222330729167,0.999224853515625
lod_val,last,23,lod-0837-0838,837,838,470433,81.75244077006417,-31.772498218745945,0.6809606529697292,70.05907233411833,37.93845327799191,4.871221219390927,0.716103439030365,4.758721272373654,475.87212723736536,0.604942680466719,0.8485225313700356,0.8702854604162548
lod_val,last,24,lod-0839-0840,839,840,491516,77.79464501552913,40.7986043522876,0.0808350660302359,3.680706179837479,20.398433691793805,0.11832593664834035,0.027706534213549926,0.11831727533365527,11.831727533365527,0.9858234523392931,0.9974731239674802,0.997711163014022
lod_val,last,25,lod-0899-0900,899,900,491520,56.473338324312934,-20.816175173510796,0.2962214469114599,12.752960284963507,51.890773228903676,0.4767320575930107,0.14705338040259622,0.4679189599727798,46.79189599727798,0.5342386881510417,0.7849527994791666,0.8710795084635417
lod_val,last,26,lod-0913-0914,913,914,491199,67.30488080247811,30.597625354409793,0.10443701798859756,6.793690605432463,22.224926379661067,0.18107675887234864,0.0289433044785769,0.1807683539219969,18.07683539219969,0.9336928617525687,0.9736013306216015,0.9832613665744434
lod_val,last,27,lod-0939-0940,939,940,491341,64.15372862348916,1.96119121678105,0.07981875400124584,2.543547823041699,21.76452789233473,0.1467271126341347,0.0337443278370022,0.14665006490627708,14.665006490627707,0.9319169375240414,0.9784019652339211,0.9920666095440844
lod_val,last,28,lod-1023-1024,1023,1024,491520,56.25683893530693,36.44610911872319,0.19686111677086157,9.443916694909612,44.571127122333124,0.2159677402220671,0.08323783131662058,0.21585804582997944,21.585804582997945,0.6113037109375,0.9811543782552083,1.0
lod_val,last,29,lod-1133-1134,1133,1134,478953,65.69015145544162,4.679759199843155,6.427973366886241,208.16410157122738,14.825925549284907,0.33236743113384626,0.050013219970203346,0.3319310225154253,33.19310225154253,0.9094316143755232,0.9579457692090874,0.9767117024008619
lod_val,last,30,lod-1143-1144,1143,1144,491506,29.80861142458059,125.7147395621711,0.12986085983036208,8.020596925200465,26.898808418730308,0.13883194481714672,0.04316130504671609,0.1386993017631145,13.86993017631145,0.9235390819237201,0.9974100010986641,0.9991882092995813
lod_val,last,31,lod-1171-1172,1171,1172,490615,59.74495638317198,-3.9138207877079876,0.3532558614519077,4.342063841673536,32.71207674829466,2.28850233690733,0.19703263311827424,2.2762838936814993,227.62838936814993,0.8738114407427413,0.936919988178103,0.9514527684640706
lod_val,last,32,lod-1253-1254,1253,1254,491520,63.97471037240832,120.29516394217072,0.08774675668149151,6.54138665329351,33.47586006396349,0.1482509642808176,0.03351045418010024,0.1482054132215561,14.82054132215561,0.9317118326822916,0.9824259440104167,0.9956563313802084
lod_val,last,33,lod-1273-1274,1273,1274,487743,64.6245685008017,4.144802312190171,16.63190813749413,185.14947637429074,17.988249511074784,0.4505806639329091,0.06128277072025483,0.4458125387830634,44.581253878306335,0.8801951027487837,0.914077700756341,0.9399847870702399
lod_val,last,34,lod-1307-1308,1307,1308,480407,70.06370200693185,-10.450890908460094,25.436883494808033,562.2985375105733,14.470824625244797,0.8194621389855864,0.062237290341272976,0.8194547896715217,81.94547896715217,0.9169162814030604,0.9491452039624735,0.9633248474730801
lod_val,last,35,lod-1311-1312,1311,1312,491520,72.13321644144398,-15.263248963422193,0.042282935221228925,0.3771318099024378,6.810789674683185,0.4477244462217639,0.02351197089802581,0.4475896942462773,44.75896942462773,0.9809611002604167,0.993658447265625,0.9965657552083333
lod_val,last,36,lod-1333-1334,1333,1334,487900,70.84752610669317,30.022539885050758,7.140088636689582,219.70192995142864,18.927785406326556,0.28858553215092064,0.029830926721682666,0.28823930953700166,28.823930953700167,0.950610780897725,0.9752510760401721,0.9825456036072966
lod_val,last,37,lod-1339-1340,1339,1340,486222,78.04637028844078,-16.019941100864777,8.431136234789676,240.89193011382736,27.666400330019826,0.5808619103792226,0.0893950348190848,0.5733984863409837,57.33984863409837,0.840167660040064,0.902460193080527,0.9181690668048751
lod_val,last,38,lod-1401-1402,1401,1402,491520,72.20446511953742,39.87516291848247,0.22111591115126633,12.164926723396443,14.518139225625994,0.3367889808605241,0.03354308957485951,0.33528482145901045,33.528482145901044,0.9521464029947917,0.9710408528645833,0.974420166015625
lod_val,last,39,lod-1575-1576,1575,1576,491520,43.824630302906755,138.45520826274733,0.12787430289144455,7.585791832953459,43.20657360531487,0.17023796048953013,0.05292600733049388,0.1698982760949667,16.98982760949667,0.8294779459635416,0.9680338541666667,0.999407958984375
lod_val,last,40,lod-1629-1630,1629,1630,491520,63.728974433514615,75.10097424063595,0.0319602022524555,1.1108307272180655,15.023341647132483,0.07842364480880089,0.013943957510356687,0.07842364327302745,7.842364327302745,0.984765625,0.9887227376302083,0.9988566080729167
lod_val,last,41,lod-1717-1718,1717,1718,491520,66.74910811066583,0.2604581128483663,0.32897354153288244,11.8792509456403,26.701604107142764,0.38404141076750703,0.07094962256461944,0.3814473749576368,38.14473749576368,0.8159159342447917,0.9153055826822917,0.9564778645833333
lod_val,last,42,lod-1729-1730,1729,1730,491520,54.933677541685796,36.870686727893606,0.16605003324796894,13.555396682490661,40.68313447520262,0.24599638353172235,0.05910303676058854,0.24559609656624443,24.559609656624442,0.842919921875,0.9206685384114583,0.9495361328125
lod_val,last,43,lod-1741-1742,1741,1742,491520,85.88513992415946,-46.81755339316648,0.16573472578185866,11.198185871828786,32.910449284268815,0.26287529141956,0.0637676344065421,0.26287361483763805,26.287361483763803,0.7959391276041666,0.9394124348958334,0.9633646647135417
lod_val,last,44,lod-1763-1764,1763,1764,491520,69.73723766545336,14.78861719309109,0.13253549111795931,5.559941363572718,23.489640714156447,0.2129707714205372,0.048691850282296584,0.21212606272973877,21.21260627297388,0.8594502766927083,0.92490234375,0.9621480305989584
lod_val,last,45,lod-1791-1792,1791,1792,491520,57.112429156058234,-22.819440962408194,0.3127210024552166,8.859133388829228,37.348870122452134,0.39820579685758417,0.10294709609520186,0.39298016751862164,39.298016751862164,0.741693115234375,0.8179280598958333,0.8911946614583334
lod_val,last,46,lod-1797-1798,1797,1798,491520,71.96453188726845,-79.81766822407272,0.7216309589663233,34.98573379406971,39.804674394978065,5.990357974807839,1.1840051774609346,5.772891754367329,577.2891754367329,0.18034261067708332,0.330718994140625,0.510284423828125
lod_val,last,47,lod-1799-1800,1799,1800,491520,62.38756355224394,2.1794605188285567,0.3562313062932768,14.75219467248549,24.18006672940298,0.40999370791487505,0.09542422145567966,0.40331318720949,40.331318720949,0.6964029947916667,0.8365458170572917,0.9382242838541667
lod_val,last,48,lod-1805-1806,1805,1806,491462,66.61153750099399,25.42314539486145,0.1465908930502951,4.832840323371634,12.554845345361171,0.1698935515454965,0.019104282495379654,0.1697062498656396,16.97062498656396,0.9712958478987185,0.9851138033052402,0.9931754642271426
lod_val,last,49,lod-1829-1830,1829,1830,491520,61.74337423484231,13.168044970720555,0.0741308833541877,2.3811629182005722,18.157280923842826,0.14095260257424813,0.030160961133389144,0.14093416229697672,14.093416229697672,0.94322509765625,0.9818461100260417,0.9905171712239583
lod_val,last,50,lod-1867-1868,1867,1868,480270,64.32482358833444,-19.302606777269357,0.306182492148382,4.846887911109011,23.193019780465377,4.083758070103025,0.5521512725186106,3.9966323483087196,399.66323483087194,0.719516105523976,0.7933100131176214,0.8355466716638558
lod_val,last,51,lod-1877-1878,1877,1878,491520,63.894562983508756,21.94375857562226,0.32646882447137615,8.040561459465438,23.189508388427036,0.38728334807820436,0.05704133367487728,0.38286255485511334,38.28625548551133,0.8949686686197916,0.9306111653645833,0.9539937337239583
lod_val,last,52,lod-1905-1906,1905,1906,491520,48.01124083963477,75.77095715824632,0.2957817944172423,18.677688807783163,59.338531040152034,0.332108493983187,0.11736885289301169,0.32901778616096167,32.901778616096166,0.47229410807291666,0.844970703125,0.9677775065104167
lod_val,last,53,lod-1907-1908,1907,1908,462906,65.12032208220222,24.26430890434356,19.110280233223122,598.0636670781887,30.37458895714863,0.5385042558313826,0.08942365538799446,0.5346020954830178,53.46020954830178,0.8164314137211443,0.9301046000699926,0.9508150682860019
lod_val,last,54,lod-2005-2006,2005,2006,483898,32.07168376318592,-1.3449244608055475,0.8852001599612463,9.089804682742814,16.741211816887766,0.38838875142868684,0.08870031656568232,0.3758757971606163,37.58757971606163,0.7334830894114048,0.8376765351375703,0.9431946401927679
lod_val,last,55,lod-2007-2008,2007,2008,491365,27.144680211054748,5.451682411402483,0.37972061996682505,8.991804241580539,56.27886078407384,0.4572127408474133,0.11684662040273712,0.4398498088056061,43.984980880560606,0.6072410529850518,0.8275233278723556,0.9005281206435135
lod_val,last,56,lod-2021-2022,2021,2022,491520,77.8014982024154,-2.2241881952454974,0.21496854341762728,8.988677176255441,38.67068103414676,0.32585655346119885,0.09580571820037384,0.3257119660788382,32.57119660788382,0.615863037109375,0.8387736002604167,0.9283243815104166
lod_val,last,57,lod-2059-2060,2059,2060,471844,69.66561474282354,5.551917102146566,14.056735299980065,175.6272227225593,11.886136555935595,0.49098649346016493,0.05070713899389144,0.48753495480448167,48.753495480448166,0.9436508676596502,0.9645391273386967,0.9672434109578589
lod_val,last,58,lod-2153-2154,2153,2154,478855,64.68470816673042,-24.89083383909559,0.44164395984481813,5.681536950750898,12.363455488739685,1.5696235738497164,0.12403668538150876,1.5657972109877696,156.57972109877696,0.8468638731975232,0.9209886082425787,0.9441187833477775
lod_val,last,59,lod-2167-2168,2167,2168,477883,97.21824463048958,-45.53917736548336,0.35571741613738883,9.548677139090085,21.78136303735859,0.5549800051877434,0.08302902205657414,0.5533095790766911,55.33095790766911,0.7780795717780293,0.8547740764998965,0.9387360504558647
lod_val,last,60,lod-2169-2170,2169,2170,491520,66.10343307716607,47.01764825655951,0.07649394827872431,1.5459463232932362,11.731055808361399,0.1408557848070507,0.029453312047846895,0.1395000208898346,13.95000208898346,0.8849344889322917,0.9755961100260416,0.9970540364583333
lod_val,last,61,lod-2185-2186,2185,2186,491031,72.68255122944534,-23.670426819754308,0.1650844174604035,3.8560166507926206,14.977493058466735,0.6179395684470327,0.055132149880139,0.6178957556241347,61.78957556241347,0.8892534279913081,0.9454413265150265,0.9715659500113027
lod_val,last,62,lod-2187-2188,2187,2188,491492,67.10967165522023,-0.5100966726096463,0.18700158467233188,4.929899527275748,18.913464739080823,0.2793067864963176,0.05516158531044123,0.276553160777009,27.6553160777009,0.8872962326955475,0.9329246457724643,0.9531447103920307
lod_val,last,63,lod-2193-2194,2193,2194,488113,71.59413196840626,10.82159376728012,24.56115100822309,837.5558093671922,14.226462395778428,0.539805066790879,0.07610771148555494,0.5337794767029319,53.37794767029319,0.8974827550177931,0.923679557807311,0.9343738027874693
lod_val,last,64,lod-2211-2212,2211,2212,488999,61.7274335390523,-21.580079250091504,8.849380844238915,164.40454095662383,15.202369911878487,1.205098906926569,0.10174242259378234,1.2041944776431681,120.41944776431681,0.8020629899038648,0.899128628074904,0.9644211951353684
lod_val,last,65,lod-2253-2254,2253,2254,483511,31.67401990069081,58.27990474360783,8.065932826017256,481.14548893235144,92.14438791014516,0.7215241992550608,0.1980553072990609,0.7004878921584775,70.04878921584775,0.49913859250358317,0.6944578303285758,0.7589403343460646
lod_val,last,66,lod-2277-2278,2277,2278,491520,86.54130766039721,-25.95365813051134,0.24796112099048945,7.464712564966662,16.54581703129945,0.8930954508311799,0.10342058191772158,0.8930888095180348,89.30888095180349,0.7448160807291667,0.8150899251302083,0.8871541341145833
lod_val,last,67,lod-2279-2280,2279,2280,466792,71.47007205297112,-0.3160976155027761,8.72001511612857,177.69099218054814,14.9677894492804,0.2941795645208588,0.023650842105462283,0.29390678703581663,29.390678703581663,0.9762506641073541,0.9946721451952905,0.9983247356424274
lod_val,last,68,lod-2371-2372,2371,2372,491520,64.41393662756444,27.75749380536117,0.11179063392048501,6.205837264373027,33.068433651055294,0.17605368446162728,0.04346446993237895,0.1753174910959222,17.53174910959222,0.9001485188802083,0.9615193684895833,0.9814493815104167
lod_val,last,69,lod-2401-2402,2401,2402,491520,61.24202340622162,48.53434313297144,0.07865703227200424,2.3471916318131902,23.000489773690088,0.10820307931505364,0.03309104624474198,0.10786281023882781,10.78628102388278,0.9469685872395833,0.9935567220052083,0.9992472330729166
lod_val,last,70,lod-2405-2406,2405,2406,489208,68.45369640814397,-27.977674566253405,0.1710325452471576,4.7408038765406255,12.241619476615268,2.7019234087859343,0.24292780836727038,2.680140842108878,268.0140842108878,0.8684710797861033,0.9369266242579843,0.9513662900034341
lod_val,last,71,lod-2577-2578,2577,2578,491520,59.93470311415199,55.101363029606375,0.08544959778818526,2.499476963491395,23.293940174141046,0.1239918734654793,0.03572145024966021,0.12336309179794307,12.336309179794307,0.9251139322916667,0.9900838216145833,0.9982991536458333
lod_val,last,72,lod-2585-2586,2585,2586,484286,52.58834866137052,4.440536014789824,10.221088366158162,882.2326715243461,20.748114322639655,0.3644189297044082,0.06721814039760393,0.36262407731191965,36.26240773119196,0.8284443490003841,0.9305885365259372,0.9586029742755314
lod_val,last,73,lod-2657-2658,2657,2658,491439,71.46221056898028,44.73299545567232,0.096829107054433,3.9986691243009256,12.904652038910637,0.19474421143111192,0.028169322090548888,0.1944920746099403,19.44920746099403,0.9629272402068212,0.9764019542608543,0.9796088629514548
lod_val,last,74,lod-2757-2758,2757,2758,480937,59.964008808723115,85.56273069792233,0.30033007036581766,23.91736190438079,21.881404896756674,0.19046425750523588,0.02606946833680982,0.19011098581141983,19.011098581141983,0.9740236247159191,0.983184907794576,0.9833221399060584
lod_val,last,75,lod-2787-2788,2787,2788,491520,58.400909905417265,36.04429092323925,0.07790978010372693,1.8939655645624318,18.363276359083464,0.11073301378009093,0.03247773078716408,0.11036839443757578,11.036839443757577,0.9516621907552083,0.9932902018229167,0.9979960123697916
lod_val,last,76,lod-2817-2818,2817,2818,491520,61.530215098208394,15.62020420677878,0.060199292532814176,1.4754237550927052,17.129696423991856,0.09689675040432226,0.025231639427525702,0.09688587064743241,9.688587064743242,0.9770650227864583,0.9922932942708333,0.998193359375
lod_val,last,77,lod-2911-2912,2911,2912,491520,74.18525872855608,-34.446412882712295,0.08977049989243024,1.8689202825697795,17.985923729065103,0.12724846213180838,0.03807734880325418,0.12704794932518523,12.704794932518523,0.932354736328125,0.9901753743489583,0.9977315266927084
lod_val,last,78,lod-2941-2942,2941,2942,491520,-27.276061767573164,283.9086492862741,0.6463910677592161,83.79282614193166,104.41085343622343,0.5998310054422824,0.1950210584178545,0.5931558281552739,59.31558281552739,0.348284912109375,0.5792012532552083,0.7703104654947917
lod_val,last,79,lod-2963-2964,2963,2964,491520,72.17418844657085,-0.5613570877243088,0.07580275298727185,1.4292136782207931,13.97703074977261,0.12382572021121055,0.0304433885723342,0.12288026300908496,12.288026300908497,0.9213785807291667,0.9874857584635417,0.998590087890625
lod_val,last,80,lod-2965-2966,2965,2966,491520,76.04086247177352,-4.704362791543257,0.1016321422074675,2.3980600719466527,12.504306012134515,0.17237921861110433,0.0368765856757852,0.17034635806150397,17.034635806150398,0.88341064453125,0.961102294921875,0.988519287109375
lod_val,last,81,lod-2989-2990,2989,2990,491520,63.29861866434276,-3.360407824439075,0.07506668204659485,1.2347890802532053,14.581193498078422,0.09825328847947358,0.032359408090132075,0.09819153435986602,9.819153435986602,0.97525634765625,0.998907470703125,0.9998738606770833
lod_val,last,82,lod-3033-3034,3033,3034,491520,89.96936871553132,-57.42422745859266,0.2647007922987901,11.83849494862793,37.21125779585124,0.4152904698783546,0.1258547055706461,0.41115471741597787,41.11547174159779,0.5506693522135416,0.758624267578125,0.8930521647135417
lod_val,last,83,lod-3101-3102,3101,3102,472340,67.18638489456441,-5.930218965413268,1.7565359467558548,32.3761807891729,8.363909342129265,0.37158751831732734,0.05397271182255382,0.3690808558049753,36.90808558049753,0.853139687513232,0.9453381039082017,0.9718423169750603
lod_val,last,84,lod-3109-3110,3109,3110,465914,70.20287586407288,-7.512333216275357,1.543875115767592,36.89384285064872,9.840608491722014,0.49203322628601287,0.0471857625264269,0.4915811289562072,49.15811289562072,0.9134368145194177,0.9613533828131372,0.9757144022287375
lod_val,last,85,lod-3113-3114,3113,3114,458356,70.75998303146642,-7.7985271173450625,1.4706904940900478,23.470271180999216,15.500198172279118,0.5071099962896031,0.04727725053891923,0.5070653405741578,50.70653405741577,0.9023051950885338,0.9601859689848066,0.9748928780249413
lod_val,last,86,lod-3127-3128,3127,3128,482942,72.23345930269245,16.190872949552666,0.4790903305276727,13.3976884835406,9.500423106013017,0.23460790755289207,0.0290055983300753,0.23390142063969258,23.390142063969257,0.9398623437182932,0.9729346381138936,0.9815588621407954
lod_val,last,87,lod-3153-3154,3153,3154,490340,65.93906188509118,23.71678898219528,0.45798070986308526,26.054706115621027,13.16486238055558,0.22944601319514532,0.03446035029400968,0.22805775430971978,22.805775430971977,0.9389199331076395,0.9569747522127503,0.9705428886079047
lod_val,last,88,lod-3241-3242,3241,3242,491509,86.30785877557975,16.286628907194093,0.2084487217109624,8.856141190184166,12.000869610294906,0.28285753279684717,0.03368572524623396,0.28138247366358543,28.13824736635854,0.9575002695779732,0.9804052418165283,0.9842424045134474
lod_val,last,89,lod-3271-3272,3271,3272,491482,72.67823573272045,0.22295158366495774,0.08371600541486024,1.53382250368012,11.890072484262836,0.17807768225663423,0.037062499451072865,0.17800012160770165,17.800012160770166,0.8971539140802715,0.9675206823444196,0.9891328675312626
lod_val,last,90,lod-3287-3288,3287,3288,491520,22.79693566619622,56.82622819110369,0.5335352341291224,39.52299590419396,81.4437635673943,0.5227025892047528,0.19758968961626688,0.507820415485669,50.7820415485669,0.25182902018229164,0.4365437825520833,0.7310404459635417
lod_val,last,91,lod-3437-3438,3437,3438,486547,69.69699581348988,6.398009916327306,0.08048587452726305,2.2441415265759805,10.480285787217461,0.10437551401106192,0.020276794109840006,0.1042928890092766,10.42928890092766,0.9830108910341653,0.9926687452599646,0.9983475388811358
lod_val,last,92,lod-3457-3458,3457,3458,491520,67.44582510342077,14.756219212344279,0.312706946779026,18.337391157561893,32.92448471466052,0.3923876219154264,0.08640278337112987,0.3900841037108155,39.008410371081546,0.7479777018229167,0.8893147786458333,0.9265950520833334
lod_val,last,93,lod-3459-3460,3459,3460,491520,72.58214892275979,-22.865864600000954,0.17593271249643389,4.192985825606005,15.42572372975293,3.304005098548004,0.32794304054541734,3.2767515399891325,327.67515399891323,0.8028299967447917,0.8676310221354167,0.9153055826822917
lod_val,last,94,lod-3463-3464,3463,3464,491520,61.20225772289208,48.45959644515655,0.28771874341796716,17.127158306860583,25.31646282000553,0.38490813767775073,0.06329289796366486,0.3822002548650368,38.22002548650368,0.8535624186197917,0.931591796875,0.9518086751302083
lod_val,last,95,lod-3509-3510,3509,3510,491520,58.619008685747936,-59.470337681716174,0.552335874501179,33.96916433156089,66.19772708864615,5.860126070637417,1.066969162091155,5.671923919131545,567.1923919131544,0.3521240234375,0.5912373860677084,0.7103312174479167
lod_val,last,96,lod-3561-3562,3561,3562,400173,76.7035446884179,-32.67819451510702,0.22649648076608253,9.18414181080304,15.478798609875431,2.295841656319999,0.17820660142620726,2.2835010980110564,228.35010980110565,0.9107111174417064,0.9386765224040603,0.9508987362965517
lod_val,last,97,lod-3679-3680,3679,3680,491520,61.029299406535785,121.53201116261607,0.09336336930603237,5.611736655456538,34.12760586215747,0.1462466157424853,0.03671145597985664,0.1459464189444741,14.59464189444741,0.9248128255208333,0.9750101725260417,0.9924092610677083
lod_val,last,98,lod-3715-3716,3715,3716,445202,79.98336045287101,-44.31730081994982,0.7273579551997122,24.83653496679812,31.59082095252466,1.3203668384518068,0.12722616602698997,1.3160253427753257,131.60253427753256,0.8860966482630357,0.9257752660590024,0.936590581354082
lod_val,last,99,lod-3759-3760,3759,3760,491520,60.15986519223417,75.38948980023645,0.06446516715234044,2.717724853795754,22.765937429186202,0.11016939330252226,0.02668452541226375,0.11012744086128001,11.012744086128002,0.9436014811197917,0.990032958984375,0.9969563802083333
lod_val,last,100,lod-3763-3764,3763,3764,491503,71.76352006911884,7.754711076754116,0.3910428742285899,35.557827173513644,56.818884393758744,0.38734037837530066,0.1048670774162861,0.3854680825501845,38.54680825501845,0.5875508389572394,0.8651361232790034,0.970669558476754
lod_val,last,101,lod-3787-3788,3787,3788,491505,78.16966909174238,6.746027834555193,0.11256443773739042,2.901471559436892,16.522502913579004,0.18207226636197685,0.045766448407647084,0.18204090665580303,18.204090665580303,0.8568865016632587,0.9754163233334351,0.989786472162033
lod_val,last,102,lod-3835-3836,3835,3836,491520,78.45287888160497,-42.184723835042746,0.47114597248909634,29.414710394863835,54.36248010690959,0.9292531225811386,0.17365730308328114,0.9290463866794247,92.90463866794248,0.5197021484375,0.7114176432291667,0.8148152669270833
lod_val,last,103,lod-4043-4044,4043,4044,491520,52.913101538822254,64.89648131268886,0.17221213697167378,11.229702274392666,45.59897084816693,0.26999227230345735,0.06801680631627086,0.2685637303201358,26.85637303201358,0.8214192708333333,0.8825419108072917,0.9441365559895833
lod_val,last,104,lod-4089-4090,4089,4090,491520,62.24705849675906,40.12094571229291,0.06409630034984133,3.0721991615593915,28.103013295829395,0.10038565224041594,0.0265500731213692,0.10027144248797433,10.027144248797432,0.9665730794270834,0.989654541015625,0.9993977864583333
lod_val,last,105,lod-4139-4140,4139,4140,491520,86.30776159857585,-50.14830637011733,0.12114980025661813,2.0122570493609406,15.694445606614236,3.3864841718464893,0.3467139690093265,3.346015320899209,334.6015320899209,0.8833760579427083,0.9188883463541667,0.9305074055989583
lod_val,last,106,lod-4175-4176,4175,4176,491520,65.71295583117008,-36.54081795475575,0.27941541082431554,11.27578238468524,24.27182879396333,2.5069781147463157,0.2641021254446669,2.492081278981272,249.2081278981272,0.7260111490885417,0.8063700358072917,0.8819905598958333
lod_val,last,107,lod-4397-4398,4397,4398,491520,81.82640761268381,16.177800343015853,0.23721360731819155,16.45340390983592,27.356854549283174,0.3241629565238753,0.05783465190843098,0.32264758667874316,32.26475866787432,0.8676534016927083,0.9401285807291667,0.9689066569010417
lod_val,last,108,lod-4409-4410,4409,4410,491520,70.03475997977267,-23.475845687264094,0.20859363423032662,9.004024718123167,28.924887555399877,0.283598053920715,0.08104270868760577,0.28309316797265904,28.309316797265904,0.7235758463541667,0.8268880208333333,0.970343017578125
lod_val,last,109,lod-4411-4412,4411,4412,491520,61.268809769314636,8.617339287691047,0.15472211673408492,4.58285938437375,25.755411852786498,0.19725663064890908,0.06398066250759857,0.1967153094298086,19.671530942980862,0.8076131184895833,0.9666890462239583,0.9928975423177083
lod_val,last,110,lod-4449-4450,4449,4450,491520,73.18586401612677,27.489689841804513,0.02780422718452562,0.36926410744718896,7.196280622130361,0.05325711880279318,0.011620530920367252,0.05309962634512524,5.309962634512524,0.9915913899739583,0.998553466796875,0.9992940266927083
lod_val,last,111,lod-4459-4460,4459,4460,489811,66.7299051727161,19.861853518381498,1.133545128252071,73.9115710751236,16.12213577445023,0.24921866959211866,0.03109101713666404,0.24902267326586414,24.902267326586415,0.9321881297071728,0.9774157787391463,0.984998295260825
