{
  "checkpoint_source": "/home/caq/333_cvpr/da_ours/checkpoints/depth_anything_v2_vits.pth",
  "metrics": {
    "abs_rel": 0.12864958734892248,
    "d1": 0.8576735367739152,
    "d2": 0.9326787905980382,
    "d3": 0.9606395048296668,
    "edge_overlap_iou": NaN,
    "edge_sobel_l1": NaN,
    "log10": 0.05658793051606177,
    "rmse": 7.9180610110171505,
    "rmse_log": 0.2584391545173689,
    "silog": 0.25756377119999474,
    "silog_x100": 25.75637711999949,
    "sq_rel": 2.066173776434191
  },
  "split": "stf_val",
  "stage": "stf_only"
}