{
  "epochs": [
    {
      "dataset": "kitti_val_nseries",
      "dataset_samples": 652,
      "elapsed_seconds": 23.000192165374756,
      "epoch": 3,
      "eval_protocol": "halfres_raw_canonical_even_pad_crop_affine_disp",
      "feature_ablation_applied": false,
      "feature_ablation_key": "x3",
      "feature_ablation_mode": "true",
      "feature_ablation_seed": 42,
      "kitti_base": "/mnt/drive/kitti",
      "kitti_val_split": "/home/caq/6666_raw/dav2_raw/metric_depth/dataset/splits/kitti/val.txt",
      "max_val_samples": null,
      "overall": {
        "D0": {
          "abs_rel": 0.11837389357974011,
          "d1": 0.8665131106580499,
          "d2": 0.9661966681460127,
          "d3": 0.9907185332769597,
          "log10": 0.0512211276387134,
          "rmse": 5.139954918469068,
          "rmse_log": 0.17229334389536882,
          "silog": 0.17187641434363868,
          "silog_x100": 17.187641434363872,
          "sq_rel": 0.889879093779591
        },
        "D1": {
          "abs_rel": 0.09644545488956577,
          "d1": 0.8960835416155337,
          "d2": 0.9725259953033158,
          "d3": 0.9926124881636479,
          "log10": 0.042425345184500314,
          "rmse": 4.6571743487858885,
          "rmse_log": 0.15140948908186752,
          "silog": 0.1509177956475915,
          "silog_x100": 15.091779564759149,
          "sq_rel": 0.635774907911553
        },
        "delta_D1_minus_D0": {
          "abs_rel": -0.021928438690174343,
          "d1": 0.029570430957483795,
          "d2": 0.006329327157303166,
          "d3": 0.0018939548866881983,
          "log10": -0.008795782454213086,
          "rmse": -0.4827805696831797,
          "rmse_log": -0.0208838548135013,
          "silog": -0.020958618696047177,
          "silog_x100": -2.0958618696047235,
          "sq_rel": -0.25410418586803796
        },
        "delta_final_minus_D1": {
          "abs_rel": 0.00026076493938748113,
          "d1": -0.0010250164560170472,
          "d2": -0.0006276575501455994,
          "d3": -0.0002759850857246837,
          "log10": 0.00025478077286682915,
          "rmse": 0.0679826300109978,
          "rmse_log": 0.001483577609674963,
          "silog": 0.0014708953624447407,
          "silog_x100": 0.14708953624447396,
          "sq_rel": 0.0040296056629886
        },
        "final": {
          "abs_rel": 0.09670621982895325,
          "d1": 0.8950585251595167,
          "d2": 0.9718983377531702,
          "d3": 0.9923365030779232,
          "log10": 0.04268012595736714,
          "rmse": 4.725156978796886,
          "rmse_log": 0.15289306669154248,
          "silog": 0.15238869101003624,
          "silog_x100": 15.238869101003623,
          "sq_rel": 0.6398045135745416
        }
      },
      "per_sample_path": "/home/caq/6666_raw/dav2_raw_0522/plans/0527/diagnostics/0530_1459_n6_x3_ablation/true/kitti_val_true/per_sample.jsonl",
      "samples": 652,
      "seconds_per_visited_sample": 0.03527636835180177,
      "status_counts": {
        "ok": 652
      },
      "visited_samples": 652
    }
  ],
  "latest": {
    "dataset": "kitti_val_nseries",
    "dataset_samples": 652,
    "elapsed_seconds": 23.000192165374756,
    "epoch": 3,
    "eval_protocol": "halfres_raw_canonical_even_pad_crop_affine_disp",
    "feature_ablation_applied": false,
    "feature_ablation_key": "x3",
    "feature_ablation_mode": "true",
    "feature_ablation_seed": 42,
    "kitti_base": "/mnt/drive/kitti",
    "kitti_val_split": "/home/caq/6666_raw/dav2_raw/metric_depth/dataset/splits/kitti/val.txt",
    "max_val_samples": null,
    "overall": {
      "D0": {
        "abs_rel": 0.11837389357974011,
        "d1": 0.8665131106580499,
        "d2": 0.9661966681460127,
        "d3": 0.9907185332769597,
        "log10": 0.0512211276387134,
        "rmse": 5.139954918469068,
        "rmse_log": 0.17229334389536882,
        "silog": 0.17187641434363868,
        "silog_x100": 17.187641434363872,
        "sq_rel": 0.889879093779591
      },
      "D1": {
        "abs_rel": 0.09644545488956577,
        "d1": 0.8960835416155337,
        "d2": 0.9725259953033158,
        "d3": 0.9926124881636479,
        "log10": 0.042425345184500314,
        "rmse": 4.6571743487858885,
        "rmse_log": 0.15140948908186752,
        "silog": 0.1509177956475915,
        "silog_x100": 15.091779564759149,
        "sq_rel": 0.635774907911553
      },
      "delta_D1_minus_D0": {
        "abs_rel": -0.021928438690174343,
        "d1": 0.029570430957483795,
        "d2": 0.006329327157303166,
        "d3": 0.0018939548866881983,
        "log10": -0.008795782454213086,
        "rmse": -0.4827805696831797,
        "rmse_log": -0.0208838548135013,
        "silog": -0.020958618696047177,
        "silog_x100": -2.0958618696047235,
        "sq_rel": -0.25410418586803796
      },
      "delta_final_minus_D1": {
        "abs_rel": 0.00026076493938748113,
        "d1": -0.0010250164560170472,
        "d2": -0.0006276575501455994,
        "d3": -0.0002759850857246837,
        "log10": 0.00025478077286682915,
        "rmse": 0.0679826300109978,
        "rmse_log": 0.001483577609674963,
        "silog": 0.0014708953624447407,
        "silog_x100": 0.14708953624447396,
        "sq_rel": 0.0040296056629886
      },
      "final": {
        "abs_rel": 0.09670621982895325,
        "d1": 0.8950585251595167,
        "d2": 0.9718983377531702,
        "d3": 0.9923365030779232,
        "log10": 0.04268012595736714,
        "rmse": 4.725156978796886,
        "rmse_log": 0.15289306669154248,
        "silog": 0.15238869101003624,
        "silog_x100": 15.238869101003623,
        "sq_rel": 0.6398045135745416
      }
    },
    "per_sample_path": "/home/caq/6666_raw/dav2_raw_0522/plans/0527/diagnostics/0530_1459_n6_x3_ablation/true/kitti_val_true/per_sample.jsonl",
    "samples": 652,
    "seconds_per_visited_sample": 0.03527636835180177,
    "status_counts": {
      "ok": 652
    },
    "visited_samples": 652
  }
}
